Sample #,# of round-trip trades ,total return % ,winning trades % ,average losing amount ,kelly criterion ,t-statistic ,max drawdown ,mean ,max ,min ,wtd% ,mtd% ,qtd% ,ytd% ,52wk %chg
Empirical ,11,33.75,72.7273%,-1.4,0.922078,2.8062,34.14,51.5836,74.86,36.96,0.972999,0.8922,0.963559,0.877586,0.787164
1,17,9.06001,47.0588%,-1.61,0.799416,0.671623,25.3218,64.2794,86.4046,49.8616,1.09825,1.12815,1.04624,1.06523,0.977458
2,12,-3.73,41.6667%,-2.88571,0.618812,-0.263898,28.1904,60.4903,75.6627,43.9714,1.02911,0.978647,0.916879,0.91822,0.825379
3,10,6.48,40%,-1.09167,0.949619,0.690847,57.2171,42.3068,75.6158,16.8303,1.02096,1.07822,0.928631,1.01642,0.537766
4,14,9.65,50%,-2.80714,0.678117,0.503705,3.86414,60.563,76.1658,44.6623,1.03191,1.04496,1.12248,1.18232,1.32485
5,9,5.57999,55.5556%,-3.1575,0.696314,0.443381,38.8119,51.3076,71.325,32.1301,0.985739,0.986382,0.637777,0.796486,0.542655
6,11,8.27,45.4545%,-1.685,0.778257,0.790725,62.9103,59.4911,95.1381,30.7762,1.00569,0.894615,0.830027,0.853962,0.549129
7,6,12.11,50%,-1.48,0.837838,1.26166,5.25284,79.9073,141.392,46.6284,1.03238,1.11561,1.37103,1.36651,2.27447
8,13,13.53,46.1538%,-1.38143,0.851325,1.26478,26.6027,67.1745,87.4876,53.2474,1.03972,0.925355,0.743181,0.817079,0.787576
9,11,7.43,45.4545%,-2.98667,0.637175,0.434945,39.252,71.4441,87.6523,46.4138,0.991109,0.937907,0.722627,0.854827,0.739653
10,11,-2.15001,45.4545%,-3.145,0.627981,-0.144554,0,71.9322,94.9319,50.1512,1.02613,1.26044,1.53141,1.41123,1.14083
11,14,-6.53,57.1429%,-4.41667,0.668464,-0.442251,45.7738,45.6627,76.5097,25.1987,1.08674,1.12318,1.03376,1.02491,0.799007
12,8,11.4,50%,-2.0675,0.741838,0.762537,23.7965,74.0083,102.843,56.3124,0.971058,1.10485,0.971724,1.09836,1.22107
13,14,18.23,57.1429%,-2.47667,0.744472,1.31708,32.0077,45.7898,68.26,30.8309,0.961348,0.809133,0.875581,0.849186,0.782328
14,10,4.83,60%,-2.2725,0.776018,0.56722,39.7434,51.5824,84.0153,33.2716,1.04885,1.01615,1.24762,0.964827,1.16597
15,13,22.93,53.8462%,-2.54333,0.719931,1.16975,37.2951,74.0822,107.724,51.558,0.999622,0.915775,0.868933,0.796266,0.84228
16,15,6.91998,60%,-3.47333,0.715163,0.417123,31.8148,53.5847,71.9855,38.6274,1.01626,0.908636,0.931868,0.876795,0.841063
17,10,-0.350006,50%,-2.308,0.716638,-0.0364286,8.92252,66.8609,94.4482,44.4038,1.04548,1.1532,1.09059,1.16415,1.52096
18,13,29.41,76.9231%,-2.72333,0.853969,1.81394,54.8983,39.5644,70.8979,15.8129,0.971058,0.964575,0.697625,0.866308,0.460357
19,10,15.3,50%,-2.542,0.696696,0.891028,37.7675,71.5529,97.2184,50.3134,1.06666,0.962922,0.89848,0.853112,0.663495
20,9,0.139999,55.5556%,-2.6325,0.724385,0.0128342,45.5042,62.1478,93.6929,36.9144,1.00542,1.13469,1.11905,1.26362,0.781669
21,13,23,69.2308%,-1.8375,0.859759,1.84603,45.928,48.6072,72.9726,27.0062,0.971826,0.830231,0.687055,0.832105,0.579953
22,7,14.14,42.8571%,-2.595,0.648775,0.747664,38.2902,80.3015,110.252,56.212,1.04721,0.906424,0.751981,0.806891,0.846341
23,12,26.9,66.6667%,-1.1325,0.961001,1.85306,37.5037,48.7076,69.7891,30.2925,1.04277,0.918392,0.84683,0.916077,0.68752
24,18,-0.329998,50%,-2.27444,0.719834,-0.029854,39.5091,46.1566,73.4837,30.3521,0.996244,0.989067,1.02745,1.11096,0.88873
25,13,1.94999,53.8462%,-3.73167,0.662143,0.101386,46.0963,44.5868,72.7977,26.7014,0.896495,0.861049,0.912245,0.863417,0.633016
26,8,32.74,75%,-2.95,0.834746,2.0852,41.8861,45.7682,84.4486,27.9285,1.08498,1.19348,1.20246,1.25642,1.00106
27,8,-5.84,50%,-3.29,0.651976,-0.716235,40.7822,48.166,83.7513,25.9496,1.03153,1.10534,1.26772,1.19249,0.864713
28,11,6.83001,45.4545%,-2.22167,0.700061,0.563443,5.86762,75.2745,89.6627,57.9868,1.03584,1.03764,1.15388,1.22032,0.990925
29,10,10.29,40%,-1.83333,0.727273,0.515845,52.1746,50.1788,76.2976,23.4961,0.944349,1.00224,0.875564,0.980133,0.411797
30,14,-0.770004,50%,-2.68,0.686567,-0.0575893,57.8509,57.7815,90.2115,32.2958,0.944332,0.764924,0.813862,0.845652,0.689521
31,13,33.82,69.2308%,-1.9975,0.846346,1.95655,20.556,48.3001,69.1366,34.6491,1.02434,1.06391,1.03999,1.05565,1.19973
32,12,11.51,58.3333%,-3.464,0.703618,0.754837,33.7835,43.8329,71.6083,28.668,0.979527,0.920292,0.724481,0.844582,1.09677
33,4,10.9,50%,-3.01,0.666113,0.782947,86.0664,142.67,260.092,60.1378,0.998786,0.913829,0.733439,0.749192,1.21571
34,8,6.60001,62.5%,-2.88667,0.754908,0.574997,48.5447,40.8093,69.2158,19.9373,0.972087,1.00981,0.787864,0.828639,0.668583
35,11,2.78001,54.5455%,-2.454,0.730681,0.275728,50.1351,48.0623,79.3938,23.9678,0.960506,1.03547,0.980652,1.00322,0.553517
36,7,6.83001,71.4286%,-1.84,0.869565,1.17017,44.0158,57.8394,84.4104,38.5848,0.942645,0.796207,0.913751,0.804252,0.776284
37,13,7.42999,53.8462%,-1.59833,0.827224,0.889268,47.5239,29.3096,68.26,15.8924,0.952164,1.00817,1.09143,0.991598,1.09497
38,17,17.02,58.8235%,-2.25143,0.771126,1.23923,48.7082,60.2699,86.5104,35.5617,1.03972,0.983665,0.978968,0.925107,0.576931
39,13,-16.51,38.4615%,-2.9125,0.595906,-1.89439,45.6042,57.0094,82.5733,33.9818,0.968774,1.01706,1.02459,0.988837,0.569909
40,12,12.67,58.3333%,-2.476,0.751615,0.985215,43.0944,63.1806,85.2513,40.343,1.02239,0.963745,0.895165,0.920703,0.510483
41,12,18.45,83.3333%,-0.75,1.05556,2.43584,56.8547,32.3136,73.7762,13.5262,0.993933,1.10587,1.09762,1.22996,0.807174
42,9,11.87,77.7778%,-2.9,0.854406,1.43864,47.2106,48.3558,75.0954,23.5525,1.00951,0.941356,0.882916,1.09165,0.527618
43,13,10.37,53.8462%,-4.248,0.64711,0.561337,36.4768,41.0179,68.5441,28.3115,0.983966,1.02758,0.949032,1.10169,0.680205
44,11,23.87,72.7273%,-1.62333,0.895277,1.72608,60.3142,103.362,157.827,65.9652,1.05815,1.23254,1.1132,1.17602,0.707286
45,16,16.77,62.5%,-2.43333,0.77911,1.38421,60.4855,57.8377,82.9981,21.0328,1.04691,0.757574,0.639049,0.774707,0.34437
46,12,13.98,58.3333%,-1.842,0.809537,1.18779,67.9378,48.9649,89.8617,20.4056,1.07441,0.966486,0.76694,0.959411,0.541678
47,11,10.65,45.4545%,-1.825,0.753425,0.828611,52.4503,38.6131,72.3948,19.4314,1.00759,0.890316,0.762645,0.808199,0.598091
48,11,-13.24,45.4545%,-4.05667,0.589004,-0.959289,26.2135,47.6748,83.4821,32.1985,1.0404,1.13849,1.55657,1.27317,1.24212
49,10,5.4,60%,-3.3,0.721212,0.372275,0.994003,56.7385,73.6845,38.8823,1.03519,1.27708,1.52705,1.36936,1.24272
50,12,2.59,33.3333%,-2.335,0.618844,0.165489,13.6993,49.1631,69.1248,33.5558,0.994408,0.941351,1.13438,1.07818,1.55456
51,13,11.29,69.2308%,-2.3975,0.820646,0.834055,59.3726,70.68,107.488,47.841,0.973024,0.884302,0.795479,0.853554,0.515958
52,11,17.78,45.4545%,-1.9,0.741627,1.1544,27.3132,52.3812,69.0621,35.5167,0.979453,0.917585,1.07671,0.951644,0.976275
53,11,11.26,54.5455%,-2.96,0.699017,0.617758,50.8686,45.1579,77.2982,26.4296,0.94314,0.886221,0.860029,0.751177,0.703366
54,9,1.79,66.6667%,-4.20333,0.745969,0.155676,45.6521,28.8527,69.5827,17.1509,0.973283,0.875962,1.01769,0.947303,1.07847
55,9,8.76999,55.5556%,-2.3675,0.743283,0.843968,30.8893,72.5929,100.193,55.7972,0.956628,0.865848,0.753483,0.782003,1.16639
56,10,1.14,50%,-4.912,0.601792,0.0543223,19.4929,54.7557,69.3042,39.8902,0.965197,1.00927,0.981202,1.05237,1.1319
57,8,25.64,87.5%,-1.17,0.981837,1.65548,24.0368,58.4542,76.2521,42.7984,0.96247,0.866912,1.02434,0.932465,0.899388
58,9,17.43,44.4444%,-1.452,0.827059,1.11444,9.65476,52.5941,78.4939,34.9573,0.969207,1.04545,1.15888,0.877,1.48275
59,9,6.64,33.3333%,-1.23833,0.871692,0.568158,63.8076,76.3917,104.859,41.0518,0.934564,0.911984,0.744979,0.8283,0.443386
60,14,11.77,50%,-2.09857,0.738257,0.856889,13.7623,64.6727,81.8137,48.5385,1.01032,0.97422,0.963155,1.03095,1.19448
61,8,7.42,50%,-1.7675,0.782885,0.599855,39.401,48.1182,73.9757,30.5211,1.05846,0.956878,0.919399,0.954113,0.804188
62,14,-6.37001,35.7143%,-2.46,0.618467,-0.531267,50.2633,50.2861,80.884,28.8765,1.05305,0.913774,0.866978,0.843876,0.629964
63,12,-0.569996,50%,-2.83833,0.67616,-0.0509878,36.3866,43.4677,77.4335,30.3843,1.05172,0.994497,1.21686,1.03914,1.30393
64,12,15.73,41.6667%,-1.12857,0.933544,1.00215,100.126,91.0173,138.572,33.4768,1.01931,1.05975,0.928063,1.04365,0.367091
65,12,12.93,75%,-2.90333,0.836108,1.20611,46.2262,54.4439,84.1317,32.3024,1.01768,0.979089,1.11495,1.09195,0.657039
66,11,4.41999,45.4545%,-3.75833,0.599677,0.190397,50.741,34.2817,69.4497,18.7087,0.969014,0.846746,0.781422,0.904146,0.643406
67,17,8.06001,47.0588%,-1.96,0.740696,0.625299,42.8891,30.342,68.639,18.9681,1.07199,1.11079,1.0157,1.04806,0.990426
68,10,2.5,40%,-1.76833,0.739302,0.249708,45.8157,65.0258,84.5325,37.2077,0.9993,0.918906,0.823222,0.842333,0.470411
69,14,11.31,35.7143%,-2.20778,0.648321,0.612199,26.3265,57.1462,75.9687,43.21,0.970129,1.07675,0.957563,0.981552,1.14721
70,6,-6.98,33.3333%,-4.25,0.490196,-0.519704,47.3444,57.8954,87.9224,39.6404,0.978576,0.925615,0.73228,0.854623,0.752558
71,7,22.42,71.4286%,-3.205,0.803432,1.47518,0,54.9998,98.1441,35.5373,1.06314,1.28059,1.46962,1.39324,2.35545
72,11,26.01,72.7273%,-2.17667,0.852569,1.68796,25.5655,56.2443,76.1405,41.5601,1.05121,1.09756,1.18307,1.05565,0.774718
73,11,16.97,27.2727%,-1.50625,0.755564,0.955597,54.082,43.0267,70.8959,16.7696,0.994374,0.782239,0.54777,0.669429,0.389056
74,15,14.79,66.6667%,-2.414,0.80475,1.27764,5.96316,80.9719,100.895,61.4833,1.00595,1.0733,1.16826,1.21846,0.988847
75,9,12.09,66.6667%,-3.24,0.769547,1.04677,57.9948,39.7794,78.173,17.636,1.14415,1.00593,0.879709,0.940734,0.714081
76,10,19.1,70%,-2.79667,0.807271,1.41308,25.1711,51.8829,68.9581,41.0773,0.963226,0.993162,0.853031,0.977704,0.912907
77,13,-4.83,46.1538%,-2.40286,0.685631,-0.472272,16.8163,66.0885,86.611,48.9164,0.996336,0.993028,0.873467,0.834239,1.24153
78,9,11.87,66.6667%,-1.52667,0.885007,1.23042,62.162,60.5934,93.3634,30.534,0.987893,0.797771,0.832582,0.817408,0.574923
79,11,24.89,63.6364%,-1.64,0.858093,2.09698,36.4535,54.0174,75.7051,37.4516,0.975816,0.976838,0.91498,1.03255,0.702527
80,11,13.94,36.3636%,-1.61286,0.758193,0.918914,28.4235,62.8019,79.6687,51.2453,0.912303,0.922177,0.816053,0.872502,0.95697
81,7,1.12,42.8571%,-2.405,0.666172,0.129172,18.6689,49.666,72.5682,35.3447,1.02111,1.186,1.21396,1.19774,1.42957
82,11,19.87,63.6364%,-2.58,0.777308,1.36991,67.4381,61.6513,107.55,35.9069,0.919913,0.972596,0.911915,1.10398,0.896668
83,11,30.4,63.6364%,-1.775,0.841229,1.76432,24.6127,52.6963,74.8466,36.5199,1.00125,0.937534,1.05405,0.936525,1.04036
84,11,-1.05002,27.2727%,-2.11375,0.616795,-0.0825346,33.2072,45.1235,70.0762,31.6262,1.01981,1.05288,0.918747,0.982837,0.847531
85,8,12.42,37.5%,-3.012,0.582503,0.658609,28.6896,107.027,198.356,59.8895,0.960221,0.963409,1.00313,1.04339,1.85772
86,7,-0.369999,57.1429%,-2.51333,0.741948,-0.0543897,53.5478,25.4649,70.2203,10.7218,1.05532,1.02519,1.07072,1.00285,1.05963
87,14,-3.24,42.8571%,-2.865,0.628023,-0.220826,23.3793,71.2057,94.9863,55.4681,1.03673,1.11648,1.12101,1.08628,1.08703
88,11,-2.39001,63.6364%,-4.5075,0.717037,-0.188284,11.8196,71.7286,92.4943,59.9384,0.957934,0.995832,1.01745,1.07131,1.18258
89,10,-9.00001,40%,-2.665,0.625141,-0.952914,52.3976,37.6777,74.1578,17.7297,1.05798,1.15098,1.0793,1.09576,0.743044
90,10,14.15,60%,-2.6825,0.749115,1.01102,45.1762,47.218,72.785,23.5252,0.977402,0.961563,1.15348,1.04038,0.555648
91,7,8.67,28.5714%,-1.528,0.753179,0.550333,71.128,81.6376,121.412,50.2835,0.907311,0.936617,0.70007,0.877011,0.562841
92,9,-0.0800018,55.5556%,-4.6625,0.650879,-0.00544683,33.4395,64.7322,89.9709,48.6703,0.988407,1.02801,0.88832,0.973419,0.962365
93,10,5.23,40%,-3.16667,0.589474,0.25406,17.3949,54.5252,72.6992,33.4252,1.0526,1.13676,1.05844,1.10177,1.30136
94,10,5.22,70%,-2.6,0.815385,0.711862,56.6493,52.3558,83.2907,24.1697,1.03626,0.98177,0.972093,1.05262,0.510913
95,11,12.46,72.7273%,-5.54667,0.776442,0.73333,19.7324,48.5245,68.4033,35.6829,1.02934,1.13595,0.978235,1.03175,1.18492
96,11,23.54,54.5455%,-3.36,0.680736,1.12932,25.9592,44.0092,68.26,30.6407,0.999199,1.02788,0.824734,0.936439,1.10482
97,11,16.95,54.5455%,-1.888,0.78621,1.12992,19.0789,54.6632,71.4947,41.8209,0.993783,0.955151,1.07716,0.943695,0.823625
98,8,12.04,62.5%,-5.76,0.690104,0.606077,46.7373,85.4455,107.506,56.4988,1.04682,0.910632,0.804209,0.876371,0.676479
99,8,12.42,37.5%,-1.788,0.724552,0.866451,38.3274,51.5055,76.2264,35.0756,0.96687,1.03223,0.978618,0.927637,0.856027
100,15,31.31,53.3333%,-1.88286,0.781183,1.29119,26.7475,65.9025,81.2725,50.4785,1.063,1.00647,0.878231,0.981321,0.86437
101,11,-11,36.3636%,-2.52143,0.616019,-1.3252,45.8004,33.6157,68.5042,19.6793,1.00581,1.00362,1.06526,1.00584,0.657104
102,9,17.3,55.5556%,-2.8675,0.710549,1.14513,41.8852,68.8345,92.0963,50.2111,0.956983,0.915308,0.839409,0.859567,0.725491
103,7,12.01,28.5714%,-2.7,0.550265,0.638524,32.379,62.6062,78.8259,46.4469,0.993837,0.77777,0.661401,0.733578,0.729209
104,13,2.15001,46.1538%,-2.82429,0.652193,0.124355,33.1474,60.2965,77.5164,43.4199,1.02186,0.975857,0.903814,0.836326,0.576671
105,9,14.25,77.7778%,-1.795,0.901578,1.79665,42.0248,55.9587,83.2041,38.8087,0.967399,0.938703,0.961183,0.936398,0.646641
106,8,9.66,50%,-2.8625,0.674672,0.733855,8.5847,42.3399,68.26,28.0102,1.07373,1.18233,1.40425,1.25046,1.59843
107,11,-7.93,54.5455%,-4.064,0.657301,-0.629662,13.6766,65.5686,91.7321,44.8008,1.00743,1.03509,0.982956,0.982258,1.06805
108,15,3.02,40%,-2.57111,0.633362,0.144882,56.6007,63.4137,98.9784,34.7848,1.11069,1.02014,0.992457,1.06091,0.739884
109,10,5.60001,60%,-2.5875,0.754589,0.54102,50.6236,38.6654,70.0584,19.4348,0.944752,0.777187,0.560925,0.65408,0.612769
110,10,13.86,70%,-2.03333,0.847541,1.39522,27.1993,58.4129,79.8075,44.0226,1.02805,1.06577,0.994046,1.07006,1.03736
111,11,3.63,54.5455%,-3.046,0.694682,0.308618,29.894,41.4243,68.26,27.9987,1.00153,0.884347,1.06004,1.02788,1.02162
112,15,12.21,60%,-4.02,0.699503,0.569018,38.5447,41.8768,70.3431,31.0268,0.982189,0.936089,0.872891,0.938217,0.697762
113,10,18.29,50%,-2.326,0.714961,0.961768,88.0544,80.3461,128.806,39.0057,0.991252,0.977581,0.695921,0.901371,0.348348
114,10,18.85,70%,-3.06333,0.797933,1.34979,55.3281,63.4748,87.3579,32.0298,0.946891,0.796009,0.817876,0.805864,0.458139
115,9,7.58001,55.5556%,-3.1825,0.695208,0.641923,87.7496,97.7196,152.535,62.0703,0.976788,1.04375,0.824422,0.943706,0.613237
116,13,-2.40998,46.1538%,-3.35857,0.621863,-0.154475,10.5332,64.0462,86.0504,40.6243,0.937228,1.03061,0.964065,0.923543,1.60794
117,14,3.05,64.2857%,-4.174,0.728421,0.158943,41.9656,45.0376,68.26,23.7693,0.968473,0.845411,0.704933,0.860096,0.583427
118,11,-0.420006,63.6364%,-4.6675,0.714272,-0.031674,39.5724,51.1084,78.8449,34.9478,1.06684,0.87697,0.817947,0.827181,0.885505
119,13,14.34,38.4615%,-2.595,0.621758,0.647554,19.7676,52.5851,68.26,40.1305,1.02417,0.896725,0.836141,0.896484,0.937259
120,11,2.08,63.6364%,-3.85,0.730815,0.164812,23.5824,54.602,72.2733,41.2398,0.977308,0.899803,0.815362,0.842149,0.902891
121,8,5.17001,50%,-3.465,0.6443,0.368988,18.9288,71.7848,101.028,52.6796,0.934208,1.0119,0.999199,1.02069,1.52522
122,13,6.77,46.1538%,-3.41857,0.619049,0.312447,42.2295,75.6853,97.5072,49.2755,1.02371,1.10158,0.875974,1.08459,0.707783
123,16,-2.00001,50%,-3.4925,0.643164,-0.115711,30.8852,53.8342,77.8494,40.6604,1.03014,1.03534,0.950601,0.958405,0.863525
124,17,28.19,58.8235%,-1.77714,0.819936,1.50204,16.3617,54.2893,70.8792,34.5203,1.03913,1.03346,1.07743,1.05366,1.06262
125,15,-5.84,40%,-3.00889,0.599409,-0.334001,59.7708,36.6129,80.3281,18.7607,1.07741,1.06933,0.986911,0.893598,0.632121
126,9,29.2,44.4444%,-1.778,0.756905,1.19058,20.3641,54.8398,69.1535,39.0138,1.09965,0.980543,0.824523,0.798591,1.01395
127,7,-4.35,42.8571%,-2.1225,0.697796,-0.763843,8.47483,64.8374,84.9228,44.5675,0.965006,1.06511,1.09126,1.07022,0.942642
128,14,13.86,64.2857%,-2.46,0.788037,1.26946,31.4994,63.4089,88.5171,47.3714,0.934053,1.10563,1.035,1.06421,1.03389
129,13,12.82,61.5385%,-1.528,0.867096,1.28009,41.3537,33.9919,68.26,20.808,0.962806,0.921411,0.893305,0.931871,1.2304
130,11,-4.29,54.5455%,-2.448,0.731135,-0.587986,53.9726,47.8846,84.7381,30.6559,0.92301,0.922756,0.806758,0.777178,0.698477
131,8,21.35,75%,-3.755,0.816578,1.0813,56.8918,87.0352,120.889,61.9424,0.997892,0.817662,0.660449,0.76652,0.735102
132,9,8.84,33.3333%,-2.37,0.614627,0.525274,46.4332,55.7686,83.0077,32.0436,1.00694,1.0587,1.01978,1.01299,0.720642
133,14,0.109997,42.8571%,-2.92625,0.623848,0.00690429,18.968,57.3725,74.1889,46.8257,1.0063,0.946806,0.942237,1.06423,1.10593
134,9,1.49001,44.4444%,-3.466,0.604732,0.100791,47.2487,37.4436,72.3541,16.606,1.00199,1.00805,0.961531,0.917441,0.710063
135,9,8.62,55.5556%,-2.115,0.765695,0.886807,31.9095,54.5755,78.5924,28.7956,1.0074,0.957204,1.05223,0.917859,0.86517
136,10,-12.65,50%,-4.718,0.605977,-0.913091,74.0326,51.0102,99.0766,20.5062,1.10794,1.1278,1.10965,1.07626,0.463376
137,9,1.55001,55.5556%,-2.2575,0.75243,0.208722,6.87018,105.952,161.742,67.052,1.03181,1.11195,1.24041,1.20765,1.35543
138,14,13.32,42.8571%,-3.13625,0.610773,0.602497,17.2163,83.3449,113.815,62.0202,1.05118,1.19041,1.01079,1.12705,1.28249
139,11,-5.56001,45.4545%,-2.59333,0.664875,-0.584337,41.9101,42.2653,79.1607,27.9249,1.08025,1.19612,1.22415,1.24823,0.856322
140,10,10.35,60%,-2.2975,0.774102,0.818801,54.45,58.7468,85.2714,23.2999,1.0457,1.30882,0.869972,1.23511,0.420989
141,9,-2.35001,44.4444%,-1.832,0.747695,-0.351593,50.4561,34.6014,69.0301,13.7057,1.00524,1.0095,1.35521,1.17007,0.841003
142,8,32.21,87.5%,-2.44,0.926229,1.83859,11.2877,83.0226,111.19,60.7474,1.00558,0.933388,1.12924,0.973489,1.19699
143,16,17.83,56.25%,-2.1,0.770833,1.29689,5.23717,64.7926,81.9053,53.932,1.0206,0.952183,1.2576,1.0857,1.23236
144,9,18.59,44.4444%,-2.136,0.704536,0.895661,22.3684,63.5824,78.4227,49.6176,0.944141,1.06293,1.06554,1.06192,0.731502
145,16,3.66001,56.25%,-3.65857,0.682082,0.203623,57.3239,48.1882,80.8292,23.379,0.969679,0.868749,0.945954,0.808759,0.50614
146,13,9.64,61.5385%,-3.022,0.742656,0.706547,37.9509,55.7474,79.2583,33.5074,1.05233,1.12563,1.12866,1.05319,0.6985
147,12,10.15,66.6667%,-4.085,0.748266,0.659796,36.5279,78.4117,104.191,57.392,0.971399,0.882902,0.923162,0.955484,0.702767
148,10,20.39,60%,-2.3775,0.768244,1.23973,30.6575,57.1221,89.8712,38.8113,1.1324,1.2385,1.43965,1.24531,0.686202
149,14,14.69,42.8571%,-2.00625,0.713396,0.914364,17.8753,70.62,93.2681,59.2533,1.03867,1.16467,1.05597,1.25509,1.01719
150,14,-8.82,42.8571%,-2.9325,0.623432,-0.624877,40.5463,40.412,70.6916,24.6469,1.01507,1.13311,1.05925,1.04096,0.853485
151,13,6.98,30.7692%,-1.65889,0.725025,0.41941,32.9329,60.4048,81.9842,38.0572,1.06242,1.06712,1.18416,1.09124,0.895644
152,12,2.94001,50%,-3.80667,0.631349,0.166047,48.3096,54.8304,89.8396,34.6039,0.890335,1.0299,1.13098,1.08757,0.795657
153,8,26.01,62.5%,-2.80333,0.758769,1.2851,32.0439,93.6715,142.089,56.0515,0.988574,0.841593,0.893959,0.810553,1.14013
154,11,17.88,54.5455%,-2.494,0.72771,0.88057,54.3799,104.92,140.344,68.26,0.949349,0.986653,0.719978,0.826028,0.804544
155,12,15.75,58.3333%,-0.942,1.02565,1.72987,23.5313,63.0832,81.0393,43.7601,1.01187,0.922414,0.868769,0.847492,0.869567
156,15,31.81,60%,-1.92167,0.808153,1.57619,36.8305,43.5581,68.26,29.8763,0.990965,0.99093,0.854597,0.996546,0.745182
157,11,3.62999,63.6364%,-1.895,0.828256,0.574342,48.8443,48.5283,75.7133,26.869,0.919325,0.893879,0.767983,0.762214,0.652508
158,8,9.21,75%,-3.445,0.822569,0.887738,49.6958,29.5299,69.2386,16.2374,1.022,1.00204,1.13389,1.08945,0.80645
159,8,30.26,87.5%,-2.06,0.93568,2.10719,29.0761,64.145,102.322,37.2655,1.01232,0.876313,0.817007,0.919746,1.64096
160,13,4.12001,38.4615%,-1.835,0.719975,0.273012,37.3222,45.2825,68.26,28.9721,0.992317,0.963554,0.80421,0.972896,0.774386
161,11,23.85,45.4545%,-2.11667,0.71224,1.33269,35.5866,55.4877,80.4087,34.8236,1.0331,0.970078,1.20057,0.961437,0.836255
162,10,4.23,60%,-4.2825,0.693403,0.286793,4.86171,76.2976,99.7748,60.8723,0.983839,1.25016,1.39175,1.4507,1.35228
163,8,16.54,87.5%,-2.84,0.919014,2.52888,22.8771,48.9833,71.271,31.6137,0.989491,0.947495,0.835846,1.06219,1.29098
164,15,2.05,53.3333%,-3.88429,0.653476,0.0947433,53.6674,38.9855,75.2705,20.8634,0.981037,1.01134,0.943477,0.912035,0.626215
165,9,3.69001,55.5556%,-3.0725,0.700208,0.303839,28.5815,48.1455,69.602,34.1417,1.00432,1.04313,1.17415,1.07149,0.86277
166,11,38.44,72.7273%,-2.04333,0.860745,2.40071,27.0186,48.846,68.26,39.749,0.906932,0.952843,0.887166,0.975109,0.823906
167,10,26.65,60%,-1.5,0.866667,1.43651,42.2,67.3347,105.716,50.3924,0.999168,1.00893,1.13102,0.998799,1.0883
168,8,19.57,50%,-2.1525,0.732288,1.16721,44.13,70.3885,100.653,50.888,0.948375,0.963157,0.884574,1.05256,0.618055
169,13,18.27,69.2308%,-2.12,0.837446,1.39493,52.1001,44.3365,78.6397,25.5166,0.94185,0.934024,0.915771,0.941128,0.603419
170,7,31.84,71.4286%,-2.47,0.82996,2.12122,71.8075,66.1532,102.689,29.0166,1.05386,0.932463,0.775955,0.87224,0.467105
171,11,13.71,45.4545%,-2.87667,0.644159,0.617682,52.1542,78.2838,122.927,48.7581,0.988431,0.965059,1.03804,0.880414,0.88473
172,13,31.68,46.1538%,-1.41,0.843426,1.40838,28.0009,71.0515,86.6396,53.129,1.0084,1.09376,0.901655,0.942161,0.843918
173,10,11.14,50%,-3.026,0.665235,0.659757,23.614,78.267,102.311,60.2274,1.03927,0.997199,0.974506,0.929092,1.07826
174,13,21.06,61.5385%,-1.844,0.823961,1.76351,46.6608,44.8863,68.7876,21.7783,0.966769,0.800134,0.749667,0.715816,0.481733
175,12,3.72,58.3333%,-2.01,0.79063,0.393386,20.2687,53.6825,70.8062,41.3996,1.01714,0.866691,0.956848,1.05775,1.02793
176,11,28.59,72.7273%,-2.38667,0.841544,2.00836,49.3013,30.0635,69.3843,16.4613,1.0092,0.934897,0.94857,0.869445,0.842166
177,13,20.11,69.2308%,-2.1225,0.837275,1.39861,63.0789,33.675,74.9122,10.3848,1.03079,1.04153,0.988934,0.994366,0.364251
178,12,17.14,58.3333%,-2.54,0.747375,1.03814,40.3607,36.9079,68.26,25.3013,0.977817,0.92016,0.98876,0.98745,0.779492
179,14,-2.2,42.8571%,-3.2725,0.603187,-0.114074,43.1719,40.6952,68.26,22.6365,0.956839,0.990508,0.917198,0.919848,0.565895
180,8,2.04,50%,-1.635,0.80581,0.366631,67.4356,120.957,181.596,64.856,0.974673,0.941787,1.22394,1.03562,0.750237
181,12,16.16,58.3333%,-2.33,0.76216,1.07286,49.8171,63.9428,90.0377,40.2206,0.962373,0.89058,0.869018,0.791314,0.647293
182,13,18.44,61.5385%,-1.754,0.834664,1.75669,43.3906,37.7656,69.9713,21.2837,0.932533,1.01346,0.89973,1.03292,0.926307
183,16,19.9,62.5%,-2.145,0.799825,1.48505,40.5267,77.2262,101.967,58.8656,1.00503,0.993542,0.77106,0.921608,0.713686
184,9,18.47,66.6667%,-2.54,0.7979,1.25752,15.4498,58.1115,73.4243,40.5045,1.05103,1.04559,1.31403,1.10908,0.922813
185,14,14,35.7143%,-1.35333,0.832161,0.949062,22.8954,58.5932,89.1341,40.8911,1.00374,1.04485,1.19483,1.0765,1.37589
186,12,3.04,50%,-3.85833,0.62959,0.178135,49.5757,35.4874,73.5941,21.6994,0.928482,0.815687,0.880238,0.83257,0.916526
187,13,22.24,61.5385%,-1.2,0.935897,1.40652,6.3316,67.4489,84.1485,50.6854,0.938104,0.990806,0.959472,1.02285,1.07226
188,11,-2.93,63.6364%,-4.3425,0.720103,-0.256772,19.3984,64.4123,80.7322,49.2351,0.957366,0.77543,0.795801,0.779074,0.890316
189,10,27.9,70%,-1.98,0.851515,1.47931,12.7195,65.3472,77.6904,57.8668,0.966384,1.0155,1.08227,1.11055,1.04586
190,10,8.78001,60%,-3.505,0.714123,0.595931,32.615,48.6052,75.8859,32.6212,1.02118,1.04582,0.894453,1.0667,1.05344
191,11,15.01,54.5455%,-2.518,0.725973,0.897387,31.7743,69.0833,96.9774,48.0211,0.912158,0.807598,0.966535,0.929785,1.07455
192,15,25.02,66.6667%,-2.392,0.80602,1.44624,49.4495,49.3795,75.0781,24.3879,1.05087,0.975009,0.741931,0.84812,0.527524
193,13,6.25001,46.1538%,-2.37428,0.688327,0.41443,21.0096,55.7318,78.0986,40.6031,1.11322,1.02906,0.997141,1.16089,1.02257
194,11,-3.88001,36.3636%,-2.48714,0.619498,-0.304309,50.916,50.1111,82.5162,31.6001,0.94983,0.867665,0.763856,0.834058,0.817066
195,9,4.48,55.5556%,-2.8625,0.71082,0.374558,64.9566,23.8403,73.2532,7.56172,1.01745,0.995665,0.738117,0.90941,0.682272
196,11,26.89,81.8182%,-1.84,0.916996,2.30935,30.9248,49.9457,68.26,34.2179,1.00451,0.959913,0.949906,0.891755,0.756454
197,12,-6.05001,66.6667%,-6.44,0.718426,-0.333884,26.0447,55.4645,74.8219,37.5188,0.983923,0.923892,0.83887,0.927675,0.721842
198,14,9.84001,64.2857%,-2.388,0.792414,0.887456,51.4733,33.0396,68.26,16.165,1.00877,0.996186,0.980154,0.985688,0.647955
199,10,9.56001,50%,-2.012,0.748509,0.739552,70.1693,66.4852,102.922,31.0101,1.04625,0.98212,0.666175,0.755016,0.367792
200,13,10.74,53.8462%,-3.04,0.690283,0.697194,6.0377,70.609,83.0246,56.9969,1.04953,1.15217,1.07477,1.1321,1.17873
201,10,28.65,60%,-2.375,0.768421,1.27793,42.917,61.8598,84.0627,33.952,0.979203,1.02125,1.04739,1.11837,0.663888
202,12,7.25999,50%,-2.25833,0.721402,0.549159,42.5666,45.0938,72.6789,26.5922,1.07899,1.05659,0.962235,0.909705,0.907141
203,12,-1.33999,41.6667%,-2.24857,0.676091,-0.129454,37.1988,63.4415,84.8726,46.1689,0.979831,0.915962,0.852139,0.882983,0.826175
204,8,16.95,75%,-1.535,0.912866,2.09269,53.3356,82.7289,124.781,58.2563,0.950128,0.990178,0.791005,0.852335,0.8496
205,8,21.34,50%,-1.295,0.8861,1.67947,33.8498,42.8471,78.9768,25.9535,0.924539,0.944848,1.0806,1.01433,1.43553
206,10,22.28,70%,-2.97667,0.800784,1.66897,16.6807,67.577,89.6775,53.5754,1.01812,1.00889,0.915957,1.14066,1.18147
207,8,-3.11,50%,-2.2425,0.722965,-0.47633,37.5171,60.3893,87.1241,42.4001,0.983872,0.943739,0.788835,0.92098,0.856851
208,7,-6.76,28.5714%,-4.468,0.445581,-0.36096,29.6697,91.0802,121.505,68.26,1.02424,1.09596,1.02766,0.964116,1.0163
209,11,13.6,63.6364%,-2.0125,0.817053,1.28987,49.244,46.0208,75.348,22.1764,1.05826,0.994408,1.01833,1.13539,0.570017
210,12,13.6,41.6667%,-2.89143,0.618412,0.508141,16.6214,71.8248,87.0535,56.5483,1.00647,1.05284,0.952837,1.05161,0.937253
211,9,11.01,55.5556%,-1.815,0.800429,1.11025,58.8444,44.5046,82.1396,23.2604,0.895481,0.988113,0.819932,0.92117,0.575624
212,13,-1.92,46.1538%,-2.82571,0.652096,-0.162351,31.8485,45.7607,68.26,32.3701,1.03271,0.991432,0.994638,0.964827,0.756205
213,12,18.82,50%,-1.68,0.797619,1.25252,50.7344,49.0413,80.6116,27.1351,1.04893,0.999106,0.875924,0.918808,0.772773
214,8,9.68,62.5%,-4.02,0.718284,0.591748,22.2244,64.8154,83.0443,49.3682,0.977427,1.00582,0.803993,0.927828,0.784283
215,11,8.13001,54.5455%,-1.604,0.828837,0.912375,42.7848,52.919,74.9116,29.4238,1.03162,0.913001,0.865722,0.933243,0.597478
216,10,10.75,40%,-2.21,0.671493,0.563561,31.5504,61.9939,82.6779,44.6702,0.933975,0.850754,0.814651,0.785086,0.793551
217,14,-0.489998,42.8571%,-1.7275,0.759355,-0.0482769,70.2342,48.8793,87.924,16.8158,1.02222,0.929768,0.769752,0.939121,0.37836
218,9,2.19999,33.3333%,-2.27333,0.626588,0.177169,51.4512,43.7152,77.1494,18.9399,0.948544,1.07716,1.05145,0.962587,0.671707
219,9,33.7,77.7778%,-1.195,0.963738,2.37943,36.9493,60.2477,87.2178,41.6817,1.01269,0.939053,0.955107,1.12971,0.799066
220,9,-4.06,33.3333%,-2.18833,0.637979,-0.442096,24.1688,46.3627,70.9663,33.4096,0.945034,1.00853,0.893039,1.05321,1.00964
221,9,10.25,44.4444%,-1.93,0.732297,0.749329,50.4197,41.4726,74.6631,20.2719,0.98715,1.08964,1.10826,1.02241,0.626294
222,12,15.5,66.6667%,-3.8875,0.752412,1.01133,17.9922,54.4003,71.4801,42.4298,1.00187,0.873968,0.820442,0.904571,1.117
223,8,15.2,62.5%,-1.04667,0.98328,1.7062,44.4908,45.0857,76.9929,28.0645,0.939773,0.86233,1.00648,0.884373,0.934206
224,4,1.13,25%,-2.95667,0.503664,0.0962882,65.7506,79.5995,114.282,46.0863,0.985887,0.994513,0.876408,0.998421,0.707464
225,15,0.78001,40%,-2.15111,0.678926,0.0502644,43.5575,49.6997,81.6782,33.6833,1.08333,0.978463,1.0386,1.00749,0.859109
226,7,-1.94,42.8571%,-2.36,0.670702,-0.21848,24.5632,50.6045,85.236,31.7446,0.990425,1.12296,1.51101,1.05494,1.15986
227,13,-7.39,30.7692%,-2.11111,0.635628,-0.667019,27.2147,52.043,74.0125,37.9401,0.991653,1.11531,1.22483,1.12841,1.073
228,10,17.22,40%,-2.67,0.624719,0.718695,25.9396,60.5744,78.1231,47.4358,0.954378,0.872995,1.08773,0.903419,0.937558
229,13,18.91,61.5385%,-2.248,0.786477,1.32992,3.76958,74.5634,91.2321,60.1327,1.04368,0.988998,1.01706,1.06088,1.40162
230,12,25.3,66.6667%,-2.4,0.805556,1.6669,57.9952,38.4833,70.8066,12.7611,0.984933,0.771033,0.703229,0.767669,0.360574
231,11,-1.42999,54.5455%,-1.812,0.796307,-0.210247,53.82,46.3858,83.5203,28.1891,0.951958,0.958401,0.986644,0.935837,0.693946
232,15,-9.59999,53.3333%,-3.45286,0.668487,-0.725824,40.9008,49.3801,72.7345,26.8263,1.05027,1.17929,1.00543,1.01948,0.614578
233,11,34.5,63.6364%,-2.59,0.776764,1.4883,19.5768,73.3559,88.3281,58.7807,0.991472,1.15548,0.954161,1.00534,0.876542
234,7,24.78,71.4286%,-3.48,0.796387,1.47825,3.11743,80.0447,111.858,63.312,1.10129,1.08388,1.28666,1.16451,1.21037
235,10,-7.01,30%,-2.90857,0.540668,-0.52519,23.8654,64.6083,89.9852,43.7176,0.990441,0.9013,0.869428,0.781679,1.15606
236,10,10.82,70%,-3.21667,0.793264,0.849932,48.9667,62.5284,84.0261,33.7554,0.948354,0.862507,0.80356,0.940728,0.445301
237,6,31.15,100%,nan,nan,1.58452,44.2372,86.5227,123.052,59.8276,0.992044,1.05017,0.913518,1.02268,1.01501
238,10,15.75,70%,-1.87667,0.859858,1.50057,44.6549,43.8812,73.8644,26.4652,0.992726,0.870841,0.896946,0.907762,0.644694
239,19,5.03999,57.8947%,-2.11625,0.777909,0.46404,50.9785,34.3763,68.5642,16.6317,1.00118,1.02238,0.838185,0.827041,0.531884
240,11,-2.83001,36.3636%,-1.73429,0.730568,-0.367775,45.041,35.2087,74.5807,20.9355,0.973095,1.00979,1.22556,1.01691,1.13709
241,10,20.15,90%,-2.08,0.948077,1.28563,36.7597,65.6481,84.971,47.3999,1.00133,0.916605,0.779952,0.906825,0.630455
242,14,15.55,42.8571%,-1.135,0.932033,1.24636,43.9346,57.6177,79.4099,32.5416,0.995314,0.971869,0.918774,0.92046,0.593233
243,12,6.89999,50%,-1.67,0.799401,0.757664,16.4274,61.5175,81.6946,40.4146,1.01291,1.13191,1.17446,1.08492,0.971271
244,9,12.25,66.6667%,-3.41333,0.764323,1.00021,30.2089,79.3315,118.318,47.5962,0.921779,0.990942,0.79366,0.832257,0.831476
245,10,19.81,60%,-3.2475,0.723172,1.18755,43.6827,43.6112,71.8419,25.2411,1.05958,1.04746,0.998909,0.958129,0.750151
246,12,17.93,58.3333%,-3.73,0.69504,0.923808,49.3181,43.931,71.4384,19.2301,1.03345,1.08846,1.12156,1.09699,0.497605
247,12,11.01,58.3333%,-1.846,0.809047,1.20004,46.9206,40.2858,72.6175,25.697,0.940613,0.844796,0.784192,0.7921,0.712248
248,11,-8.26001,36.3636%,-2.60143,0.608257,-0.89302,56.2302,32.7486,69.7754,13.5452,0.920113,0.842096,0.838948,0.898148,0.473587
249,12,17.55,66.6667%,-2.8,0.785714,1.26047,35.7075,63.5458,81.5036,39.1976,1.03436,0.96228,0.938218,1.11598,0.813171
250,10,9.44001,50%,-3.566,0.640213,0.407645,32.3649,60.2259,90.4392,41.6446,0.980236,0.891705,0.795563,0.827666,1.04731
251,12,5.78,58.3333%,-3.034,0.720666,0.448591,64.9904,87.9914,132.668,66.786,0.953371,0.873781,0.985511,0.950753,0.575872
252,8,20.08,75%,-3.48,0.821839,1.14857,57.0106,31.3679,72.0204,15.0098,0.942149,0.73507,0.713963,0.735668,0.735974
253,16,-0.469997,56.25%,-2.07143,0.773707,-0.0493607,48.4944,41.542,70.7632,20.7612,1.05323,0.958949,0.900548,1.01781,0.568296
254,11,-8.52,45.4545%,-2.91333,0.641772,-0.829181,39.768,55.3794,78.0496,31.6583,0.991106,0.878822,0.992178,0.918861,0.522237
255,11,18.23,54.5455%,-1.145,0.942438,1.72794,45.3147,54.3879,86.6236,36.9767,0.997477,0.964412,1.03088,1.03269,0.877555
256,8,9.67,50%,-2.4425,0.704708,0.789385,49.1439,36.2825,73.7041,17.1557,1.10155,1.03288,1.12865,1.17456,1.15758
257,10,8.11,40%,-1.25667,0.877454,0.728429,48.3146,69.3424,96.4396,40.2323,0.97411,1.03541,0.88434,1.13539,0.588668
258,11,22.43,63.6364%,-2.735,0.76932,1.28652,38.962,47.0504,71.1517,28.532,0.995312,1.05697,0.991849,1.10112,0.824643
259,13,18.99,61.5385%,-3.39,0.72884,1.09515,15.1153,58.1704,73.2357,42.0642,0.98491,0.81706,1.04192,0.803791,0.923711
260,13,8.31,61.5385%,-3.824,0.715964,0.429101,42.568,64.3173,87.963,43.6492,0.988881,1.03564,1.01066,0.907675,0.659922
261,10,1.46,40%,-4.375,0.537143,0.0705921,45.4546,41.2451,71.4971,23.5195,0.94392,0.980571,0.917718,1.01648,0.745819
262,11,2.14,45.4545%,-1.185,0.914845,0.353542,47.1818,37.4949,68.26,17.71,0.920598,0.954318,1.07241,1.08442,0.649457
263,10,7.99999,40%,-2.18,0.675229,0.575189,42.2966,50.072,68.26,25.9634,0.880284,0.775813,0.802985,0.695575,0.40961
264,9,28.51,66.6667%,-2.05,0.829268,2.14226,43.0251,75.5937,106.545,54.1655,0.97981,0.831914,0.874818,0.832596,0.810956
265,13,3.17999,53.8462%,-2.02167,0.766757,0.299417,65.7119,46.5636,92.3713,26.2899,0.949035,0.930724,0.897222,0.933641,0.595227
266,11,2.00001,45.4545%,-2.93333,0.640496,0.119797,58.3728,50.0545,90.1296,23.6947,1.03106,1.25807,1.30244,1.22036,0.795043
267,14,0.560005,50%,-1.77571,0.781577,0.0584049,46.5162,72.047,98.8886,50.145,0.956288,0.903997,0.89656,0.971754,0.568444
268,11,-25.52,36.3636%,-3.99,0.523126,-2.26107,31.7845,45.8849,68.9367,35.3789,0.999756,0.967698,0.924395,1.04027,0.765342
269,13,11.89,46.1538%,-1.64833,0.788209,1.03159,36.2944,39.7764,69.8563,27.5669,0.979996,1.00731,0.891266,1.03125,1.14617
270,9,23.69,77.7778%,-0.934999,1.01545,2.01164,37.1346,45.6663,75.3202,30.6683,0.989183,1.03662,1.18959,1.15454,0.988769
271,12,-3.41,33.3333%,-1.755,0.7132,-0.408513,55.1966,29.7508,70.7848,14.7528,0.956506,0.877787,1.01202,0.918319,0.477205
272,10,24.7,60%,-0.965,1.01451,1.64976,40.6182,42.9579,68.26,23.0283,0.98172,1.04004,0.901089,1.03459,0.724757
273,12,16.83,58.3333%,-1.696,0.829009,1.4047,54.9635,89.1568,119.373,61.3266,0.985445,0.950826,0.871897,0.923428,0.55731
274,8,15.37,62.5%,-1.52333,0.87117,1.86808,0.140846,69.3047,90.0567,48.9233,1.05768,1.03918,1.40837,1.08921,1.65338
275,13,16.29,61.5385%,-3.092,0.739775,0.851917,58.1662,53.7919,83.3167,25.1504,0.949868,0.889928,0.723333,0.877015,0.362692
276,7,13.55,57.1429%,-1.86333,0.801431,1.04185,72.5018,46.9221,92.3829,18.9083,0.920082,0.831296,0.828821,0.904514,0.388342
277,9,7.18999,66.6667%,-2.30667,0.811175,0.892997,47.8703,61.2494,86.4199,38.1586,1.00865,0.94716,0.680165,0.92581,0.73467
278,13,-3.21,61.5385%,-4.322,0.704375,-0.209957,32.0484,68.8817,86.0909,54.0425,0.953886,0.888935,0.709945,0.788031,0.767755
279,12,18.05,75%,-1.84,0.88587,1.71007,30.2464,55.5145,71.1301,40.4398,1.00143,0.913983,0.861677,0.899097,0.65737
280,9,5.03999,55.5556%,-2.315,0.74754,0.5853,35.8454,54.6877,86.6706,33.0114,0.995426,0.872418,1.08984,1.03186,1.0571
281,8,21.81,37.5%,-2.82,0.596631,0.85573,46.5764,118.977,172.726,68.26,0.889801,0.933835,0.960965,1.04666,0.938386
282,15,3.34999,40%,-1.89111,0.717274,0.246306,61.1029,37.6547,76.956,15.133,1.00027,0.973058,0.808473,1.01461,0.425922
283,12,-2.64,50%,-2.59833,0.692431,-0.290584,17.6122,47.3363,68.26,32.1416,0.959426,0.909804,0.986732,0.927835,1.23092
284,15,19.31,46.6667%,-1.87125,0.751681,0.935367,45.8078,45.3352,75.3625,24.1646,1.04463,0.947869,1.1274,0.985927,0.72023
285,17,6.34,52.9412%,-3.385,0.668433,0.352247,17.5634,52.4233,68.26,38.754,0.975656,0.857921,0.857056,0.92568,1.20018
286,11,25.55,54.5455%,-1.792,0.799107,1.35924,51.4274,42.4196,74.21,22.2611,0.9587,0.909077,0.778054,0.811326,0.54954
287,11,21.57,72.7273%,-2.96,0.81941,1.64003,62.5033,58.1323,95.0367,29.9472,1.04599,0.918676,0.917258,0.991027,0.612994
288,13,17.24,38.4615%,-1.525,0.788146,0.877546,39.1605,36.0008,70.3725,23.3226,0.991933,0.978024,0.909588,0.90843,1.3229
289,13,13.75,69.2308%,-1.6025,0.884315,1.67229,47.125,38.7621,68.8332,20.3772,1.0264,0.961119,1.0455,0.904175,0.601237
290,10,15.21,70%,-3.21,0.793458,1.09436,58.3172,58.4672,92.068,32.4023,1.04162,0.895947,0.771123,0.789889,0.564802
291,6,15.34,50%,-3.2,0.65625,1.05235,2.60081,89.2692,166.256,52.0061,1.0434,1.15205,1.29743,1.08285,1.90806
292,14,38.82,64.2857%,-1.464,0.886807,1.98729,50.5418,38.5619,73.7059,21.8304,1.02449,0.870279,0.934932,0.87489,0.53601
293,14,-4.29999,50%,-1.93571,0.758303,-0.612475,43.6587,40.6328,69.2617,23.0313,1.04252,0.977149,1.00321,0.903562,0.604325
294,13,39.05,69.2308%,-1.8375,0.859759,2.16716,38.6935,52.8625,78.5061,39.8126,0.924344,0.861184,0.866366,0.729673,0.728158
295,13,15.26,53.8462%,-2.06,0.762509,0.803792,66.0096,79.1224,129.282,54.9946,0.984245,0.993095,0.905335,0.857303,0.664402
296,13,-2.48,61.5385%,-3.094,0.739695,-0.233218,37.894,42.2838,73.91,29.8052,1.06551,1.074,1.09716,1.13874,0.899217
297,13,17.47,61.5385%,-2.314,0.781597,1.32094,13.9443,57.5664,73.5025,47.5789,0.983646,1.03676,1.00425,1.06554,1.01429
298,10,18.72,60%,-2.2975,0.774102,1.50281,35.2297,47.4491,68.26,32.9571,0.953928,0.809484,0.903416,0.789045,0.687479
299,7,1.89,42.8571%,-2.6575,0.643596,0.191303,41.4538,39.7967,68.26,21.8755,0.906665,0.785335,0.84294,0.714276,0.684581
300,8,15.6,62.5%,-3.8,0.723684,0.85522,36.0892,41.1306,77.0237,27.8513,0.97113,0.972322,0.980659,0.912368,1.41207
301,14,-3.94999,50%,-4.17857,0.619658,-0.193905,38.3115,48.9057,68.7747,30.4633,0.970989,0.814462,0.581208,0.783994,0.688748
302,10,10.51,50%,-1.114,0.948833,1.47519,56.5787,52.7283,88.4383,25.1387,1.02766,1.25254,1.13895,1.16618,0.733337
303,12,2.33001,50%,-2.16,0.731482,0.225847,25.4091,82.8216,115.754,66.4297,0.993728,1.24811,0.951787,1.24245,0.880792
304,13,-0.299992,38.4615%,-2.4325,0.6376,-0.0221566,32.7431,65.7021,80.1034,46.7787,0.996424,0.879441,0.750775,0.764421,0.62092
305,8,-9.08,50%,-3.835,0.630378,-1.0099,10.5466,90.2068,121.579,66.8614,1.07797,1.13532,1.07576,1.22043,1.36832
306,11,10.47,54.5455%,-2.872,0.703722,0.668117,49.0101,58.0977,84.3976,35.3876,0.935504,0.93129,0.985309,0.799248,0.635286
307,17,8.27001,64.7059%,-4.50333,0.725432,0.408469,54.6734,41.1469,70.0147,15.3413,0.909007,0.924605,0.651676,0.778001,0.40428
308,11,-1.13999,27.2727%,-2.5475,0.558212,-0.0629998,46.4216,47.3478,73.9536,26.8208,0.96939,0.901625,0.786555,0.887175,0.576851
309,11,10.08,45.4545%,-2.49,0.673603,0.599578,48.0864,35.4406,68.951,18.1801,1.04972,1.09929,0.859915,0.971755,0.55817
310,12,30.25,75%,-1.45667,0.921625,2.65291,38.7862,43.3439,70.3315,30.0601,0.965808,0.894418,0.742021,0.777004,0.785997
311,9,13.76,55.5556%,-1.985,0.779457,1.21372,44.9961,37.6474,69.1802,23.2599,0.992069,0.869048,0.872658,0.803761,0.780228
312,9,20.85,55.5556%,-1.9725,0.780876,1.55246,53.7587,63.1974,90.2481,33.8265,1.00726,0.992465,0.921586,0.891717,0.56041
313,10,12.61,60%,-1.495,0.867558,1.08997,51.3049,27.116,68.26,15.3846,1.0266,0.967776,1.03797,1.04221,0.756567
314,16,19.24,62.5%,-2.395,0.781576,1.02692,33.7705,47.0456,69.2586,31.3383,0.967629,1.13242,1.01172,1.069,0.728634
315,11,35.39,72.7273%,-1.92667,0.868827,1.80487,63.8969,71.6293,118.207,53.4493,0.984989,0.819376,0.915163,0.918834,0.755495
316,12,35.44,75%,-1.68,0.898809,2.10466,60.5285,75.9173,102.212,41.6839,0.87275,0.898788,0.62629,0.828018,0.536141
317,14,2.34999,57.1429%,-3.07167,0.710953,0.179596,8.42673,50.938,72.0431,36.6769,1.02096,1.11619,1.05758,1.07068,1.46984
318,14,19.33,57.1429%,-1.69333,0.824522,1.56088,40.318,60.3321,84.5611,37.6807,1.09705,1.15309,0.99163,1.02713,0.754155
319,15,9.32,40%,-1.79778,0.733745,0.698015,26.9322,45.1339,69.409,35.1136,0.992025,1.01171,0.901607,0.932062,1.14915
320,13,1.44001,53.8462%,-2.25833,0.742833,0.156927,39.053,80.6205,108.671,60.5707,1.00354,1.05668,0.984638,1.14937,0.792455
321,19,21.81,57.8947%,-1.64625,0.834712,1.18786,35.5242,44.215,68.26,29.1906,0.972928,0.910486,1.10816,0.820385,0.910281
322,9,26.35,77.7778%,-0.285,1.55751,1.79677,31.3657,51.7596,70.0866,31.4743,0.974825,0.822518,0.807156,0.790408,0.781717
323,10,5.33999,30%,-1.44714,0.783712,0.514007,2.94421,82.1854,111.931,63.3917,0.984397,1.25929,1.26899,1.33566,1.50749
324,9,52.56,100%,nan,nan,3.5742,32.7192,45.2446,72.8554,33.2478,0.957464,0.876594,0.994031,0.871615,1.04917
325,16,-1.62,50%,-1.75875,0.784293,-0.189403,45.7322,72.7086,99.0367,47.3543,1.03679,1.00306,1.11382,0.942896,0.645931
326,11,20.43,36.3636%,-2.35714,0.633609,0.811574,25.9994,51.1005,72.1892,37.5068,1.0567,1.14454,1.03641,1.01202,0.934433
327,12,12.31,50%,-2.61333,0.691326,0.851316,16.6569,52.8469,69.0419,38.4675,1.03161,1.05037,0.971475,1.12835,1.15399
328,13,26.86,76.9231%,-2.83333,0.850679,1.77994,39.124,67.3895,93.0103,49.41,0.995421,1.00043,0.860265,0.987585,0.682985
329,10,4.93,60%,-1.805,0.821607,0.665061,68.659,55.1594,95.0446,23.8386,1.00571,1.01718,0.82194,0.956146,0.560654
330,8,14.17,62.5%,-2.81333,0.758294,0.987937,67.6321,82.2062,116.193,46.4786,1.00885,0.992368,1.00656,0.872155,0.461092
331,15,20.39,66.6667%,-3.22,0.770186,1.19817,55.2048,31.4781,69.6689,12.2114,1.01939,1.08606,1.06961,1.07157,0.526712
332,11,11.53,45.4545%,-1.66333,0.782474,0.722673,48.1268,41.8983,73.0784,20.588,1.04208,1.12571,0.937541,1.09532,0.650228
333,9,-1.49,44.4444%,-1.956,0.728471,-0.219648,65.5673,63.0357,93.7431,27.7165,0.988806,0.840525,0.718647,0.743962,0.357258
334,12,16,58.3333%,-2.268,0.767049,1.2218,21.0899,46.8129,70.989,29.8435,0.985086,1.06176,1.12027,1.04621,1.14071
335,12,20.49,58.3333%,-2.624,0.742124,1.01962,45.2332,37.8553,68.26,19.5084,1.03885,1.18036,0.961788,0.996532,0.584831
336,11,21.16,63.6364%,-3.53,0.739377,0.994168,16.1929,70.911,85.2896,54.0783,1.02866,0.951836,0.835212,0.889146,0.99791
337,12,10.01,50%,-3.44,0.645349,0.53719,65.5058,34.5846,80.1438,12.7404,0.933234,0.960421,1.07883,0.980651,0.592556
338,13,29.05,61.5385%,-1.886,0.819316,1.53163,40.0174,49.6821,69.4897,28.7763,0.980943,0.864852,0.725663,0.794365,0.647748
339,10,5.2,50%,-2.206,0.726655,0.368038,51.8332,42.4942,75.98,17.9617,1.02424,1.07723,1.30636,1.11922,0.67468
340,14,27.41,64.2857%,-1.51,0.879375,1.65546,41.6082,48.1957,71.2766,29.3766,0.969346,1.00994,0.867427,0.914616,0.520728
341,14,11.22,57.1429%,-1.84167,0.804137,1.07394,40.7589,53.3903,75.0535,31.8362,0.927532,0.996761,0.924402,0.928658,0.633213
342,11,19.52,36.3636%,-2.665,0.602422,0.84445,39.3838,90.5249,125.801,63.6467,0.982522,0.865387,0.759776,0.802967,1.01753
343,9,-5.08001,22.2222%,-1.84857,0.642967,-0.662442,43.1269,46.8933,78.6453,26.3264,1.01022,0.947617,0.90615,0.902291,0.940953
344,8,13.4,50%,-2.1175,0.736127,1.12073,41.3571,63.7079,84.8374,42.9112,0.994394,0.758265,0.685801,0.675437,0.713561
345,14,1.20001,42.8571%,-2.455,0.661333,0.0842969,55.7386,70.7875,96.0986,38.6411,1.04448,1.01298,0.724455,0.92272,0.489793
346,11,8.2,54.5455%,-3.716,0.667776,0.440639,17.082,65.6833,85.6341,51.398,0.99218,0.906927,1.10781,0.973319,1.0529
347,11,29.75,81.8182%,-2.735,0.88466,1.84865,32.1242,39.287,68.26,27.8736,0.997593,0.89004,1.15001,0.936756,1.02468
348,12,-12.59,16.6667%,-2.385,0.516073,-0.974222,35.4655,46.2611,74.629,33.67,0.934131,0.923869,1.06152,1.03556,0.887671
349,12,-15.17,33.3333%,-2.55625,0.594132,-1.71144,35.5793,55.7552,74.5412,33.0196,1.00106,0.936982,1.0471,0.924292,0.693124
350,10,0.600002,30%,-1.36429,0.813089,0.0707612,62.4471,51.7448,95.5527,33.0319,0.955043,0.875466,0.817332,0.890013,0.647433
351,10,8.58,50%,-2.598,0.692456,0.638013,44.8993,55.8251,95.6005,37.7894,0.967395,0.957379,1.0053,0.915472,1.15255
352,7,24.77,71.4286%,-2.545,0.826551,1.54783,18.8434,49.0068,69.3509,38.2313,1.01837,1.01814,1.0806,1.04613,1.12967
353,12,8.23,50%,-2.5,0.7,0.579734,44.6495,52.9731,75.6503,30.739,0.978841,0.883952,0.670301,0.720896,0.554711
354,7,-1.12999,42.8571%,-1.57,0.792539,-0.201907,47.8992,83.3344,120.184,64.1383,0.992668,1.05787,1.004,1.00693,0.89038
355,11,5.58999,54.5455%,-1.57,0.834974,0.710469,33.1133,40.6097,69.0319,28.0216,1.02829,0.912952,1.07217,1.00018,0.88044
356,13,20.47,46.1538%,-2.54429,0.673174,1.04288,34.9818,58.9875,78.8799,39.1,1.02581,1.0793,1.00886,1.02604,0.681396
357,14,14.12,64.2857%,-2.616,0.77938,1.07427,49.212,30.167,68.26,15.6045,1.04625,1.11378,1.06693,0.991023,0.702093
358,13,22.91,69.2308%,-3.55,0.778982,1.24021,23.6424,51.4659,68.3501,36.5818,1.01615,0.867629,0.821334,0.761999,0.965384
359,14,0.209999,50%,-3.23,0.654799,0.0141495,34.2433,48.311,68.8541,29.8022,0.955169,1.08646,0.912011,1.11675,0.723694
360,12,8.83,66.6667%,-1.4425,0.897747,1.21355,54.6548,31.8642,70.7076,14.7318,1.06607,1.03016,0.802945,0.959325,0.645248
361,15,9.43999,40%,-2.28445,0.662646,0.592842,55.5329,42.724,75.4245,18.8336,1.01465,0.980188,0.976033,0.962436,0.444495
362,12,-5.91,33.3333%,-2.06875,0.655589,-0.534658,43.8524,36.2373,71.1261,24.708,0.940114,0.882253,0.580034,0.791362,1.03731
363,12,1.26999,41.6667%,-2.10143,0.694255,0.124762,51.3605,60.4903,91.5336,37.5471,0.966693,0.972427,0.886997,0.97846,0.742968
364,9,13.14,44.4444%,-2.55,0.662309,0.755268,10.3666,119.998,206.178,63.8884,1.00587,1.01737,1.21939,1.12384,1.75243
365,9,-4.03,44.4444%,-2.798,0.642999,-0.362968,57.4312,30.8386,69.5215,11.1295,1.06161,0.996255,0.723796,0.86927,0.453237
366,9,10.94,66.6667%,-3.5,0.761905,0.674854,23.7115,55.5977,86.7254,31.1027,1.03749,0.835987,0.776352,0.802745,1.28629
367,11,8.30999,54.5455%,-1.92,0.782197,0.80283,42.1543,62.5549,94.7737,42.4757,0.950102,1.05006,0.911351,1.11167,1.00942
368,6,13.11,50%,-4.02333,0.624275,0.747737,2.11764,60.2877,90.8588,37.251,1.11909,1.24974,1.54682,1.42903,2.16113
369,8,3.07,50%,-4.305,0.616144,0.203627,22.574,57.2507,83.1587,38.7897,1.01571,1.14768,1.04514,1.10605,1.04171
370,10,7.35001,70%,-3.93667,0.776207,0.677808,26.5524,55.2201,79.5268,40.0275,1.01891,1.00495,0.879303,0.903213,1.03501
371,9,-0.310005,44.4444%,-5.79,0.540395,-0.0131338,27.9681,50.3181,70.634,35.067,0.993801,1.06389,1.0609,1.20022,1.08613
372,13,23,69.2308%,-2.395,0.82078,1.6425,34.2363,46.3317,70.521,29.7839,1.09468,1.08391,1.0434,1.14507,0.769583
373,13,0.41,38.4615%,-1.50625,0.793169,0.0454183,21.1227,53.2801,78.2905,41.4831,0.937844,0.993459,0.955101,0.917516,1.0155
374,13,0.889999,53.8462%,-2.76833,0.705182,0.0777828,50.3251,39.8802,72.4221,20.5953,1.02169,1.01512,0.848026,0.935077,0.612941
375,12,14.53,41.6667%,-1.71286,0.757228,0.692184,44.5143,86.803,113.845,60.6004,0.979291,0.982079,0.861775,0.894612,0.727138
376,10,21.21,70%,-2.84667,0.805386,1.35898,39.5576,59.1093,84.1525,38.5782,1.01621,0.947488,1.14814,0.985343,0.616
377,3,20.9,66.6667%,-0.380001,1.54386,2.04191,8.64375,63.1872,86.2964,45.6677,0.971357,1.00878,1.13149,1.08152,1.1567
378,9,4.31001,33.3333%,-3.16333,0.544081,0.231941,3.51093,63.6309,84.1567,48.5977,0.995151,1.09759,1.09297,1.04006,1.46941
379,12,24.57,75%,-2.90667,0.836009,1.42413,31.3628,81.783,102.83,62.6984,0.982668,0.90265,0.9173,1.00377,0.720562
380,13,16.68,61.5385%,-2.384,0.776717,1.15211,22.7735,54.2497,68.26,44.0653,1.0107,0.970735,1.01483,0.924665,0.830832
381,16,13.58,50%,-2.82,0.677305,0.774426,47.7778,61.6325,89.2544,38.0123,1.01578,1.0012,1.09114,0.963861,0.598545
382,11,-6.98,36.3636%,-1.48571,0.791958,-1.33384,51.8993,65.1141,90.5452,38.646,0.9459,0.814728,0.685303,0.840027,0.631488
383,11,3.15,36.3636%,-2.24143,0.647546,0.205382,2.79566,71.8296,95.1921,51.5276,1.00415,1.02654,1.23598,1.08592,1.38299
384,11,19.35,63.6364%,-2.5,0.781818,1.32091,11.504,66.4083,85.3491,48.7935,1.03156,1.1326,1.26523,1.1674,1.12408
385,7,2.69,28.5714%,-1.662,0.715489,0.312073,31.8865,69.4062,86.7417,52.8923,0.965929,0.878572,0.708043,0.79107,0.720386
386,12,2.17,58.3333%,-3.17,0.714774,0.154746,60.6492,46.7932,84.598,23.6924,0.960981,0.926553,0.73844,0.819899,0.54732
387,9,-10.55,44.4444%,-3.734,0.593227,-0.969163,29.51,37.1992,68.26,21.1654,0.991185,0.956551,1.24076,0.930528,1.43345
388,10,4.77,60%,-3.6525,0.709514,0.312415,42.5884,83.8311,126.485,64.6813,1.0757,1.08224,0.83792,0.935099,1.135
389,10,4.63,50%,-4.09,0.622249,0.259879,44.3372,43.2747,68.26,22.9401,0.977195,0.913701,0.861846,0.849907,0.563067
390,10,8.03999,50%,-1.76,0.784091,0.610469,50.2544,49.0509,90.9336,26.0919,0.969133,0.966102,0.983664,0.986106,1.44213
391,14,22.55,57.1429%,-1.835,0.804982,1.16598,34.5007,46.7182,68.4215,28.1495,1.0652,1.01813,0.969412,1.10746,0.666935
392,7,25.26,85.7143%,-5.98,0.881032,1.82746,43.7591,41.3772,69.5016,21.6814,0.970758,0.986743,1.04922,1.01856,0.618947
393,10,28.41,60%,-3.1975,0.725098,1.39115,29.9358,65.3117,87.2654,51.6008,0.979286,0.851718,0.702402,0.790376,1.02138
394,11,-3.66,45.4545%,-3.325,0.618592,-0.29164,3.09189,57.888,75.1385,41.8102,0.99356,1.15022,1.28763,1.29299,1.16435
395,13,2.85001,53.8462%,-1.55,0.836228,0.385955,37.882,41.5665,68.3801,22.8479,1.06152,1.23345,1.17863,1.25498,0.857092
396,9,16,55.5556%,-2.375,0.74269,1.24813,31.36,51.3637,74.883,33.0373,0.953042,1.06339,0.948311,1.09452,0.933732
397,11,7.14,54.5455%,-2.924,0.700908,0.534395,49.514,31.1228,68.26,16.7975,0.95459,0.917801,0.851293,0.895081,1.04531
398,12,19.47,58.3333%,-2.574,0.745208,1.07405,54.9502,69.1911,89.164,33.2974,0.966417,0.800134,0.637562,0.705988,0.530746
399,9,-0.490002,33.3333%,-2.87,0.565621,-0.0297697,56.3345,45.1069,75.813,19.4785,0.99541,0.935768,0.636113,0.794965,0.475112
400,14,-8.17999,42.8571%,-3.255,0.604126,-0.603023,51.8904,49.3697,82.1792,25.1485,1.03981,1.14436,1.18934,1.18663,0.568409
401,4,20.24,100%,nan,nan,2.10324,0,136.547,249.265,60.6705,1.02603,1.09939,1.09579,1.06014,2.05858
402,13,-7.67,38.4615%,-2.695,0.612958,-0.587059,39.6608,45.1828,71.455,30.0423,1.03519,0.935812,0.880509,0.944851,0.815697
403,10,9.08,60%,-0.974999,1.01026,1.42827,75.9718,57.9452,101.534,24.7434,1.0331,0.782275,0.760541,0.755573,0.46039
404,13,7.1,53.8462%,-2,0.769231,0.610857,13.6541,53.8219,73.1842,44.3988,1.02739,1.07751,1.23437,1.02768,1.14191
405,15,20.65,60%,-2.61667,0.752866,1.17584,43.0788,62.207,88.6978,40.9205,1.00606,1.00217,1.0648,0.912233,0.633403
406,14,29.78,71.4286%,-1.8625,0.867689,1.76755,28.8296,51.767,69.8364,38.2524,0.988534,0.98197,0.951271,0.972717,0.833835
407,12,7.83,50%,-1.90667,0.762238,0.730074,28.545,59.8882,81.4109,43.7393,0.963212,0.851128,0.986279,0.858413,0.994249
408,11,10.89,63.6364%,-2.3725,0.789635,1.13109,40.3651,34.0854,68.26,20.6838,1.01502,1.05032,0.976345,1.05774,1.00297
409,13,22.37,38.4615%,-2.0375,0.686645,1.04474,33.3704,47.3782,68.26,32.064,1.03722,0.950454,0.980463,0.883088,0.747563
410,11,-4.16001,27.2727%,-1.3325,0.818523,-0.638463,48.7402,70.7309,95.9733,45.5211,0.976628,0.916014,0.758239,0.809219,0.681014
411,13,7.90001,46.1538%,-1.39143,0.848523,0.777485,46.3084,48.9057,81.2497,34.4024,0.976335,0.915895,0.96287,0.900214,0.664746
412,12,29.63,50%,-1.035,0.983092,1.96703,34.9731,52.5593,78.226,35.7462,1.08639,0.940081,1.19638,1.17767,0.908562
413,11,16.89,45.4545%,-2.85333,0.645709,0.808528,39.0205,51.2226,74.4177,32.6518,1.0595,0.871852,0.752866,0.930079,0.944925
414,11,29.92,54.5455%,-2.78,0.70896,1.44876,14.483,109.691,155.19,68.26,1.00059,0.917727,1.12507,0.97814,1.28268
415,15,15.46,46.6667%,-2.04,0.728104,0.856171,73.0441,80.0388,123.956,50.1665,0.931587,0.933706,0.801716,0.826513,0.723798
416,12,13.72,75%,-4.58333,0.804545,0.896693,12.2643,72.1223,98.7724,50.0006,1.02649,1.03796,0.990256,1.01241,1.17651
417,9,7.41,55.5556%,-3.5925,0.67927,0.431412,17.2041,69.3994,94.3565,48.3956,0.995651,1.05235,1.12364,1.02262,1.00444
418,9,30.88,66.6667%,-0.623334,1.20143,1.82342,25.6841,89.105,109.107,68.26,1.02945,1.00673,0.896179,0.973343,1.12719
419,13,4.57,61.5385%,-3.276,0.732789,0.380573,42.8717,41.9646,68.7244,20.173,1.09992,1.12726,1.18814,1.1516,0.723725
420,12,-1.48001,50%,-2.28,0.719298,-0.166814,41.7564,51.813,76.7696,31.1911,1.02612,0.933216,1.08576,1.05221,0.503948
421,12,5.80999,50%,-1.87333,0.766904,0.57791,36.8462,59.5967,81.7969,34.7424,1.04526,0.925209,0.97425,0.958786,0.807359
422,13,2.51,46.1538%,-2.93857,0.644778,0.180773,11.0904,52.7775,71.4075,37.6545,0.960273,0.872319,1.03719,0.905847,1.25026
423,7,-5.06,42.8571%,-3.9975,0.571518,-0.467201,57.9719,35.512,77.0799,15.397,0.980805,1.12978,1.06509,1.09379,0.693322
424,11,27.01,72.7273%,-3.46667,0.805944,1.39795,35.7094,75.9418,99.1907,55.322,1.04824,0.788807,0.68526,0.755409,0.85275
425,9,21.41,66.6667%,-0.603334,1.21915,2.61857,21.3265,67.5404,92.4428,51.77,0.995784,1.1249,1.0043,1.13663,1.15842
426,12,-7.94999,50%,-4.72,0.605932,-0.452997,47.1424,46.103,79.3813,28.767,1.00081,0.864582,0.890989,0.868736,0.692228
427,3,8.95,66.6667%,-0.84,1.06349,1.35072,50.6948,81.3503,110.989,52.3458,1.09936,1.07279,0.845409,0.95084,0.616317
428,11,25.4,54.5455%,-1.262,0.905633,1.36438,58.539,68.493,97.4305,38.8914,0.946422,0.75431,0.620542,0.722317,0.704806
429,9,21.74,66.6667%,-3.86667,0.752874,1.04907,21.7247,71.2758,88.7036,53.7339,0.983758,0.816877,1.00285,0.820851,1.01414
430,8,5.24,37.5%,-2.6,0.615385,0.389132,11.3516,66.8445,104.566,51.0375,0.941083,1.10229,1.215,1.10768,1.4903
431,12,16.15,58.3333%,-1.928,0.799447,1.22943,35.847,40.1585,71.0565,25.6624,0.93469,0.732337,0.99692,0.864304,0.984417
432,10,0.91,40%,-1.62167,0.76999,0.0957652,67.4558,45.8459,85.6158,18.1431,0.927289,0.790958,0.738429,0.718954,0.367864
433,11,0.719997,27.2727%,-1.6675,0.708873,0.0560567,35.2107,48.2357,72.3324,36.2375,0.966056,0.757165,0.868434,0.808019,0.83066
434,14,34.28,64.2857%,-2.596,0.780431,1.57722,37.3869,49.0658,68.26,30.7961,0.970061,0.777876,0.735446,0.760322,0.722803
435,13,0.810009,53.8462%,-2.99333,0.69265,0.068301,48.9393,49.1653,75.7745,26.7954,0.944646,0.792784,0.814063,0.805137,0.596179
436,16,9.86,62.5%,-2.74167,0.761778,0.617073,55.0577,34.2913,76.5067,19.6532,1.00561,1.04207,0.909869,0.91959,0.746791
437,12,6.79999,58.3333%,-4.282,0.68064,0.379416,29.3005,66.0688,94.0109,50.664,1.0394,1.00345,1.14885,1.07531,1.20034
438,10,8.14999,30%,-1.855,0.677358,0.592323,63.5591,45.8258,83.6995,18.6239,1.01331,0.982397,0.83394,0.989362,0.523116
439,13,9.60999,53.8462%,-2.86167,0.699745,0.590383,16.585,59.76,80.3101,46.6218,1.07236,1.32047,1.22013,1.24651,1.09864
440,9,13.94,33.3333%,-3.18667,0.542538,0.638142,53.987,54.3736,82.0185,26.9718,0.972005,1.02599,0.705503,0.863287,0.459172
441,14,-6.11001,50%,-1.92429,0.759837,-0.880863,25.8267,45.1478,68.26,29.3125,1.02679,0.981678,0.884116,0.978757,1.02521
442,13,31.72,69.2308%,-2.2375,0.829824,1.70456,32.8497,58.0144,79.3521,37.0254,1.01562,1.15462,1.03478,1.11378,0.770061
443,13,7.52,61.5385%,-2.196,0.790528,0.700764,39.3315,58.8972,80.8582,38.4731,1.05031,1.00278,0.970164,0.981037,0.593779
444,13,35.16,61.5385%,-1.144,0.951587,2.0784,80.7508,57.0992,105.21,22.7423,0.908595,0.991245,0.938869,0.98424,0.497138
445,12,-6.27,33.3333%,-2.13875,0.645042,-0.646646,83.8162,53.9566,111.905,28.0891,0.895074,0.919868,0.821155,0.786955,0.621914
446,9,9.42,66.6667%,-2.77333,0.786859,0.943403,20.2009,49.924,81.2736,33.5047,0.992604,0.987264,1.18024,1.05186,1.39891
447,10,7.36999,60%,-2.0875,0.791617,0.800979,55.6515,39.2938,72.6206,16.9692,0.985817,0.727892,0.599681,0.574551,0.602441
448,10,-11.83,30%,-2.24571,0.611705,-1.73193,45.213,35.3066,72.4977,21.0341,1.03291,1.08832,1.05309,1.06215,1.18557
449,8,11.36,50%,-3.3875,0.647602,0.753973,17.9675,88.0304,135.466,51.3113,1.03116,1.17082,1.20889,1.10412,1.12023
450,8,-4.00999,50%,-3.035,0.664745,-0.449824,43.3872,44.2659,69.3127,21.477,1.03254,0.961858,1.09942,0.942236,0.578782
451,12,6.65001,50%,-1.36333,0.866748,0.799857,59.7757,28.1344,70.684,9.6677,1.03881,0.872948,0.587357,0.731921,0.563858
452,10,0.51001,30%,-1.54857,0.75203,0.051595,48.233,48.1127,78.1982,27.3463,1.00382,0.865071,0.804969,0.770468,0.642806
453,13,-29.61,23.0769%,-3.548,0.447576,-2.97631,42.5751,45.0653,70.4164,27.49,0.964623,0.918465,0.843225,0.762893,0.579348
454,10,1.57,50%,-3.73,0.634048,0.099352,32.4605,51.6946,73.8802,32.1067,0.966847,1.04282,1.15978,0.98493,0.694913
455,15,16.8,60%,-3.15667,0.726716,0.87658,40.3695,47.3357,68.26,27.3413,1.00824,1.00254,0.844466,0.933635,0.573591
456,15,29.91,66.6667%,-2.006,0.832835,1.75554,35.3673,54.0545,80.7313,35.8056,1.13501,1.17308,1.09982,1.17534,0.901715
457,14,9.78,50%,-2.25286,0.72194,0.681816,44.3029,61.1551,83.1038,36.0334,1.03962,0.919986,0.894356,0.907365,0.580135
458,11,18.33,72.7273%,-2.25,0.848485,1.28285,51.2926,49.9203,76.5002,24.4956,0.952704,0.881145,0.690914,0.753812,0.492989
459,11,18.31,54.5455%,-0.321999,1.95709,1.41885,22.94,49.7631,69.284,38.3081,0.977953,0.933159,0.825846,0.837255,1.10756
460,7,-7.78,42.8571%,-3.64,0.585557,-0.868609,32.6035,45.5916,73.374,28.656,0.902999,0.98588,1.05115,0.982012,1.20953
461,10,16.92,50%,-1.744,0.786697,1.3097,58.843,44.0102,74.301,14.8049,0.918003,0.955225,1.00635,1.00233,0.373932
462,10,15.27,60%,-1.8875,0.811921,1.15387,71.432,87.9253,127.519,56.0874,0.923502,0.933484,0.750243,0.903026,0.507871
463,8,22.48,62.5%,-2.48,0.77621,1.6237,23.7261,90.8278,151.344,55.8237,1.04916,1.08332,0.873873,1.00697,1.56515
464,9,19.35,44.4444%,-0.902,1.06036,1.13721,78.6171,69.0615,110.591,31.4008,0.976001,0.947514,0.820224,0.935569,0.393219
465,14,12.82,42.8571%,-1.43375,0.827127,0.738425,92.6835,50.9136,105.707,12.5934,0.949951,0.834631,0.828569,0.796957,0.284615
466,13,24.13,53.8462%,-0.956666,1.02091,1.71455,44.4785,53.2887,75.9606,29.3967,0.958567,0.929135,0.979954,1.04378,0.582413
467,9,18.12,55.5556%,-1.5425,0.843688,1.51907,19.1723,71.1254,99.204,52.1832,0.951655,1.07435,1.20096,0.964348,1.21945
468,11,9.67,63.6364%,-2.2825,0.795679,0.843902,53.5335,46.8738,80.7353,23.0337,1.05961,1.11211,1.06368,1.00885,0.615274
469,11,3.23,45.4545%,-3.375,0.616162,0.15587,19.6401,58.148,85.9832,37.19,1.01215,1.13186,1.18976,1.13868,1.21046
470,14,13.95,42.8571%,-1.955,0.720862,0.67132,40.2497,56.5944,82.7237,40.0645,1.0155,0.951494,1.00012,0.968679,0.961531
471,8,7.11,50%,-3.515,0.642248,0.435851,3.59583,86.0147,131.938,60.2781,0.997434,1.17216,1.27064,1.20033,1.87916
472,14,27.17,57.1429%,-0.921666,1.03642,1.74059,47.4485,72.4315,98.739,48.1352,0.966623,0.994437,0.993818,0.953377,0.615857
473,10,-5.16,50%,-3.45,0.644928,-0.453595,7.38529,61.1101,75.4651,47.4116,1.00924,1.01158,1.11802,1.13655,1.18666
474,9,21.53,55.5556%,-1.3425,0.886613,1.24339,6.33788,68.8276,94.2181,46.2819,1.00199,1.10591,1.23639,1.07809,1.15289
475,10,11.65,60%,-2.92,0.736986,0.909212,66.9264,64.8436,102.883,34.8317,0.987224,0.939898,0.894771,0.874861,0.543936
476,13,-1.27,38.4615%,-2.12625,0.674038,-0.109587,51.569,64.9689,94.4104,42.8414,0.853905,0.807662,0.771457,0.838353,0.523941
477,14,3.91,35.7143%,-2.40778,0.624135,0.236314,41.4255,58.6074,79.2767,37.8513,0.912198,0.894902,0.857218,0.775703,0.513687
478,12,8.79,50%,-3.11167,0.660686,0.55299,23.2996,66.1169,83.7841,51.24,0.956689,0.979661,0.942388,1.04912,0.851892
479,13,12.2,53.8462%,-1.20667,0.920952,1.33278,42.2347,45.1489,79.5656,27.6676,1.04304,1.11054,0.984034,1.04297,1.03366
480,12,20.92,66.6667%,-2.185,0.819222,1.50384,25.3211,48.9479,70.9392,35.9022,0.927284,0.898718,0.952231,0.867834,0.936
481,9,15.83,66.6667%,-2.17,0.820276,1.05504,37.0431,67.0363,98.5673,47.2748,0.98185,1.0548,1.03837,0.963736,0.977345
482,12,23.3,66.6667%,-2.5275,0.798549,1.30669,56.3258,36.9891,73.0861,16.3253,0.992349,0.874906,0.715759,0.786802,0.560596
483,11,14.04,54.5455%,-2.472,0.729332,0.900841,46.6781,46.1629,71.7506,21.1206,1.01716,0.920024,0.836513,0.85266,0.539388
484,10,-9.5,30%,-2.32571,0.600983,-1.27602,54.0168,46.1291,86.8817,19.7903,0.999766,1.11763,1.39073,1.20203,0.792714
485,11,7.18001,54.5455%,-1.95,0.778555,0.790937,43.2074,34.4778,72.0907,21.7194,1.02531,1.22813,1.28895,1.2273,0.781599
486,10,29.4,80%,-5.04,0.839683,1.29894,34.6587,65.4393,99.2243,43.4321,0.994475,0.839362,0.794317,0.857768,0.984736
487,13,35.23,53.8462%,-0.54,1.39316,1.96259,63.2055,61.4868,98.5928,34.1678,0.995701,0.929193,0.889778,0.911918,0.526131
488,10,10.37,60%,-2.325,0.772043,0.873508,48.9648,40.6536,70.2166,15.0907,0.993398,0.937172,1.33083,1.04444,0.481458
489,11,11.94,72.7273%,-1.80333,0.878508,1.06362,48.6519,52.628,82.6515,29.6461,0.988972,1.14685,0.811253,0.939045,0.69802
490,10,14.99,80%,-3.04,0.865789,1.6587,25.3362,57.5229,80.001,43.4694,0.955126,1.06294,0.837138,1.00759,1.04705
491,14,8.89999,50%,-1.59572,0.813339,0.851863,50.0741,43.4353,72.0837,20.9889,0.980602,0.815588,0.674561,0.823229,0.588401
492,11,13.15,54.5455%,-0.907999,1.04606,1.28772,66.4291,57.11,93.5431,26.5861,0.968896,0.883207,0.808595,0.911522,0.464386
493,13,7.82,69.2308%,-2.2425,0.829517,0.872425,73.4615,41.3304,90.6976,14.9608,1.07452,1.04233,0.876743,1.01292,0.482603
494,11,11.16,63.6364%,-3.335,0.7454,0.646147,43.1412,40.6218,68.26,21.6064,0.999636,1.12159,0.903553,1.07307,0.588107
495,11,18.04,63.6364%,-3.0425,0.755883,1.13705,48.8854,44.616,75.9904,27.0035,0.938969,0.853653,0.687789,0.782524,0.590985
496,13,7.79001,53.8462%,-3.17667,0.683752,0.430784,40.7952,54.7305,78.4765,31.8779,1.05291,1.16207,0.952866,1.01986,0.659707
497,13,15.08,53.8462%,-2.5,0.723077,0.928766,38.5162,60.1835,91.1233,38.2257,0.946488,0.926364,1.02353,0.985414,1.14454
498,12,-5.04,66.6667%,-5.4525,0.727801,-0.281303,39.5363,64.7818,87.703,46.5579,0.919805,0.922353,0.838978,0.987287,0.614898
499,16,25.79,56.25%,-1.10429,0.958684,1.7499,34.9147,60.8673,83.3647,44.0422,0.969559,1.00902,1.03514,0.933614,0.824839
500,9,22.96,55.5556%,-2.35,0.744681,1.17397,35.6262,63.0631,85.352,45.6324,0.949137,0.956566,0.704649,0.879644,0.611362
