Date,Open,High,Low,Close,Volume,Adj Close,SMA(5),SMA(20),SMA(50),Diff 5-20,Diff 5-50,Signal,,Action ,Return
2/22/2011,72.31,73.07,69.65,69.79,4767700,68.26,,,,,,,,,
2/23/2011,70.19,70.75,68.13,70.14,5701300,68.6,,,,,,,,,
2/24/2011,69.93,71.05,68.61,69.84,3575600,68.31,,,,,,,,,
2/25/2011,70.64,71.06,70.04,71.06,2389200,69.5,,,,,,,,,
2/28/2011,71.79,72.34,70.84,71.66,2563700,70.09,68.952,,,,,,,,
3/1/2011,72.03,72.42,69.98,70.07,3655800,68.53,69.006,,,,,,,,
3/2/2011,70.24,71.4,69.88,70.91,2320900,69.35,69.156,,,,,,,,
3/3/2011,71.74,72.87,71.39,72.64,1975200,71.04,69.702,,,,,,,,
3/4/2011,72.82,73.22,72.03,72.58,2831100,70.99,70,,,,,,,,
3/7/2011,72.88,73.51,70.32,70.94,5049700,69.38,69.858,,,,,,,,
3/8/2011,71.19,71.54,69.42,71.12,4076500,69.56,70.064,,,,,,,,
3/9/2011,71,71.3,69.12,69.5,5870000,67.97,69.788,,,,,,,,
3/10/2011,68.22,68.42,66.87,66.98,10266600,65.51,68.682,,,,,,,,
3/11/2011,66.5,69.17,66.31,68.75,6520600,67.24,67.932,,,,,,,,
3/14/2011,68.66,69.68,67.95,69.01,4810600,67.49,67.554,,,,,,,,
3/15/2011,66.56,69.47,66.1,69.06,6282300,67.54,67.15,,,,,,,,
3/16/2011,69.44,70.45,67.12,68.13,6494100,66.63,66.882,,,,,,,,
3/17/2011,69.5,70.13,68.75,69.33,5503000,67.81,67.342,,,,,,,,
3/18/2011,70.52,70.55,68.94,68.95,6986000,67.49,67.392,,,,,,,,
3/21/2011,70.1,70.4,69.44,70.31,4775800,68.82,67.658,68.5055,,,,,,,
3/22/2011,70.35,71.11,69.93,71.04,3536700,69.54,68.058,68.5695,,,,,,,
3/23/2011,71.03,72.97,70.6,72.62,3539200,71.09,68.95,68.694,,,,,,,
3/24/2011,73.06,73.54,71.98,72.98,3301800,71.44,69.676,68.8505,,,,,,,
3/25/2011,73.05,74.25,72.77,73.03,3938100,71.49,70.476,68.95,,,,,,,
3/28/2011,73.08,73.58,72.13,72.25,3596900,70.72,70.856,68.9815,,,,,,,
3/29/2011,72.3,73.57,72.01,73.43,3313400,71.88,71.324,69.149,,,,,,,
3/30/2011,74.23,74.35,72.65,73.99,5305400,72.43,71.592,69.303,,,,,,,
3/31/2011,74.21,74.89,73.93,74.29,3876800,72.72,71.848,69.387,,,,,,,
4/1/2011,74.81,75.24,74.06,74.5,4151000,72.93,72.136,69.484,,,,,,,
4/4/2011,75.17,75.99,74.89,75.35,2834000,73.76,72.744,69.703,,,,,,,
4/5/2011,75.27,77.06,74.89,76.48,4483200,74.86,73.34,69.968,,,,,,,
4/6/2011,77.28,77.44,75.19,75.34,5770200,73.75,73.604,70.257,,,,,,,
4/7/2011,75.49,76.61,74.83,75.39,3473100,73.8,73.82,70.6715,,,,,,,
4/8/2011,76.26,76.52,74.64,75.07,3433800,73.48,73.93,70.9835,,,,,,,
4/11/2011,75.35,75.61,72.75,73.37,5077400,71.82,73.542,71.2,,,,,,,
4/12/2011,72.51,73,71.32,71.77,5997400,70.25,72.62,71.3355,,,,,,,
4/13/2011,72.56,72.82,70.78,71.76,4400200,70.24,71.918,71.516,,,,,,,
4/14/2011,71.53,72.83,71.25,71.98,5163100,70.46,71.25,71.6485,,,,,,,
4/15/2011,72.38,72.5,71.5,72.5,3790800,70.97,70.748,71.8225,,,,,,,
4/18/2011,71.7,71.75,70.14,71.07,4915800,69.57,70.298,71.86,,,,,,,
4/19/2011,71.29,71.99,70.68,71.97,3091500,70.45,70.338,71.9055,,,,,,,
4/20/2011,73.39,73.7,72.82,73.35,3432800,71.8,70.65,71.941,,,,,,,
4/21/2011,73.74,74.15,73.09,74.04,2246400,72.48,71.054,71.993,,,,,,,
4/25/2011,74.21,74.42,73.1,73.72,2266800,72.16,71.292,72.0265,,,,,,,
4/26/2011,73.8,74.62,73.21,74.07,2100000,72.5,71.878,72.1155,,,,,,,
4/27/2011,74.14,74.74,72.42,74.56,5112900,72.98,72.384,72.1705,,,,,,,
4/28/2011,74.5,75.89,73.96,74.65,3917600,73.07,72.638,72.2025,,,,,,,
4/29/2011,74.68,75.92,74.33,75.59,3877200,73.99,72.94,72.266,,,,,,,
5/2/2011,76.03,77.02,74.62,74.95,2745800,73.37,73.182,72.288,,,,,,,
5/3/2011,74.71,74.95,72.93,73.97,6114400,72.41,73.164,72.2205,70.6504,0.9435,2.5136,BUY,,,
5/4/2011,73.79,73.79,71.21,71.97,5088100,70.45,72.658,72,70.6942,0.658,1.9638,BUY,,,
5/5/2011,70.91,72.5,69.9,70.41,6100000,68.92,71.828,71.7585,70.7006,0.0695,1.1274,BUY,,,
5/6/2011,71.57,72.22,70.19,70.83,5458400,69.33,70.896,71.535,70.721,-0.639,0.175,BUY,,,
5/9/2011,71.37,72.83,70.8,72.63,4112100,71.1,70.442,71.416,70.753,-0.974,-0.311,SELL,,,
5/10/2011,73.14,73.28,71.92,72.63,3653600,71.1,70.18,71.38,70.7732,-1.2,-0.5932,SELL,,,
5/11/2011,72.28,72.32,69.36,69.73,7092600,68.26,69.742,71.2805,70.7678,-1.5385,-1.0258,SELL,,,
5/12/2011,69.45,71.15,68.66,70.27,9257800,68.79,69.716,71.208,70.7566,-1.492,-1.0406,SELL,,,
5/13/2011,70.42,70.59,68.23,68.67,6667600,67.22,69.294,71.046,70.6802,-1.752,-1.3862,SELL,,,
5/16/2011,68.35,70.47,67.77,68.28,7124900,66.84,68.442,70.8395,70.5972,-2.3975,-2.1552,SELL,,,
5/17/2011,67.77,68.88,67.18,68.7,7402400,67.25,67.672,70.7235,70.5546,-3.0515,-2.8826,SELL,,,
5/18/2011,68.98,69.95,68.52,69.73,4068200,68.26,67.672,70.614,70.5286,-2.942,-2.8566,SELL,,,
5/19/2011,70.32,70.32,68.42,69.07,5269700,67.61,67.436,70.4045,70.5214,-2.9685,-3.0854,SELL,,,
5/20/2011,68.83,69.07,67.71,68.52,5192600,67.07,67.406,70.134,70.5526,-2.728,-3.1466,SELL,,,
5/23/2011,67.26,67.9,66.88,67.52,3900000,66.09,67.256,69.8305,70.5296,-2.5745,-3.2736,SELL,,,
5/24/2011,68.08,69.45,67.78,68.12,5338700,66.68,67.142,69.5395,70.5134,-2.3975,-3.3714,SELL,,,
5/25/2011,69.4,69.72,67.98,69.4,4567600,67.93,67.076,69.287,70.5212,-2.211,-3.4452,SELL,,,
5/26/2011,69.17,70.2,68.87,70.06,4951000,68.58,67.27,69.0625,70.5602,-1.7925,-3.2902,SELL,,,
5/27/2011,70.61,71.34,70.11,70.77,4241500,69.27,67.71,68.8265,70.5894,-1.1165,-2.8794,SELL,,,
5/31/2011,71.87,72,70.06,71.82,6006400,70.3,68.552,68.673,70.6456,-0.121,-2.0936,SELL,,,
6/1/2011,71.36,71.63,69.08,69.28,4533800,67.82,68.78,68.4435,70.6256,0.3365,-1.8456,SELL,,,
6/2/2011,69.4,70.99,68.71,69.51,5714200,68.04,68.802,68.323,70.5956,0.479,-1.7936,SELL,,,
6/3/2011,68.39,69.4,68.02,68.2,4493000,66.76,68.438,68.215,70.509,0.223,-2.071,SELL,,,
6/6/2011,68.25,68.74,66.75,66.78,4790900,65.37,67.658,68.017,70.3876,-0.359,-2.7296,SELL,,,
6/7/2011,67.12,67.75,66.73,66.73,2613500,65.32,66.662,67.728,70.2642,-1.066,-3.6022,SELL,,,
6/8/2011,66.46,66.91,65.05,65.28,4948500,63.9,65.878,67.368,70.1278,-1.49,-4.2498,SELL,,,
6/9/2011,65.45,66.57,65.23,66.06,4761400,64.66,65.202,67.188,69.9834,-1.986,-4.7814,SELL,,,
6/10/2011,65.6,66.28,65.15,65.43,4932900,64.05,64.66,66.951,69.8158,-2.291,-5.1558,SELL,,,
6/13/2011,65.62,65.65,63.15,64.06,6326700,62.71,64.128,66.7255,69.6156,-2.5975,-5.4876,SELL,,,
6/14/2011,65.02,66.14,64.8,65.82,4321200,64.43,63.95,66.605,69.4456,-2.655,-5.4956,SELL,,,
6/15/2011,65.11,65.74,63.87,64.18,5848400,62.82,63.734,66.3835,69.2268,-2.6495,-5.4928,SELL,,,
6/16/2011,64.14,64.3,61.81,63.05,10408600,61.72,63.146,66.0565,68.964,-2.9105,-5.818,SELL,,,
6/17/2011,63.56,63.95,62.44,62.77,6306800,61.54,62.644,65.753,68.7198,-3.109,-6.0758,SELL,,,
6/20/2011,62.82,63.88,62.67,63.46,3275900,62.21,62.544,65.51,68.488,-2.966,-5.944,SELL,,,
6/21/2011,64.19,65.89,64.15,65.77,4066100,64.48,62.554,65.4295,68.308,-2.8755,-5.754,SELL,,,
6/22/2011,65.76,67.1,65.47,65.93,3620000,64.64,62.918,65.3275,68.1644,-2.4095,-5.2464,SELL,,,
6/23/2011,64.6,66.03,63.39,65.99,5191600,64.69,63.512,65.1655,68.0532,-1.6535,-4.5412,SELL,,,
6/24/2011,66.18,66.66,64.92,65.3,4877800,64.02,64.008,64.9375,67.9288,-0.9295,-3.9208,SELL,,,
6/27/2011,65.11,65.57,64.25,65.29,4534700,64.01,64.368,64.6745,67.7998,-0.3065,-3.4318,SELL,,,
6/28/2011,65.52,67.13,65.46,67.13,3474000,65.81,64.634,64.45,67.6966,0.184,-3.0626,SELL,,,
6/29/2011,67.5,68.88,67.2,68.23,4302900,66.89,65.084,64.4035,67.643,0.6805,-2.559,SELL,,,
6/30/2011,68.59,69.95,68.56,69.37,3258100,68.01,65.748,64.402,67.5942,1.346,-1.8462,SELL,,,
7/1/2011,69.31,70.11,68.17,69.87,5395700,68.5,66.644,64.489,67.5282,2.155,-0.8842,SELL,,,
7/5/2011,69.87,70.63,69.76,70.07,3498700,68.69,67.58,64.655,67.4524,2.925,0.1276,BUY,buy,,
7/6/2011,69.91,70.25,69.19,69.89,2453900,68.52,68.122,64.815,67.3796,3.307,0.7424,BUY,,,
7/7/2011,70.81,71.57,70.69,71.13,2168000,69.73,68.69,65.1065,67.3242,3.5835,1.3658,BUY,,,
7/8/2011,69.99,70.62,69.66,70.42,4349600,69.04,68.896,65.3255,67.2454,3.5705,1.6506,BUY,,,
7/11/2011,69.48,69.52,67.52,67.71,4173400,66.38,68.472,65.442,67.1116,3.03,1.3604,BUY,,,
7/12/2011,67.89,68.71,67.42,67.66,3081600,66.33,68,65.623,66.9584,2.377,1.0416,BUY,,,
7/13/2011,68.15,70.49,68.15,69.36,5077800,68,67.896,65.8015,66.851,2.0945,1.045,BUY,,,
7/14/2011,69.77,70.02,67.4,67.66,5842700,66.33,67.216,65.977,66.7294,1.239,0.4866,BUY,,,
7/15/2011,68.13,69.14,67.49,69.14,5751800,67.78,66.964,66.28,66.676,0.684,0.288,BUY,,,
7/18/2011,69.18,70.01,68.83,69.29,4417600,67.93,67.274,66.5995,66.6562,0.6745,0.6178,BUY,,,
7/19/2011,69.88,70.72,69.81,70.72,4367200,69.33,67.874,66.9555,66.6562,0.9185,1.2178,BUY,,,
7/20/2011,70.96,70.96,69.96,70.57,3087400,69.19,68.112,67.191,66.618,0.921,1.494,BUY,,,
7/21/2011,70.78,71.38,70.32,71.3,2992200,69.9,68.826,67.454,66.594,1.372,2.232,BUY,,,
7/22/2011,71.26,72.02,71.12,71.8,2424600,70.39,69.348,67.739,66.6366,1.609,2.7114,BUY,,,
7/25/2011,71.65,71.89,71.05,71.31,2295500,69.91,69.744,68.0335,66.659,1.7105,3.085,BUY,,,
7/26/2011,71.02,71.07,69.57,69.8,3621400,68.43,69.564,68.2545,66.6832,1.3095,2.8808,BUY,,,
7/27/2011,69.58,69.65,67.35,67.44,3475900,66.12,68.95,68.27,66.6688,0.68,2.2812,BUY,,,
7/28/2011,67.47,68.22,66.93,67.05,3346200,65.73,68.116,68.212,66.6384,-0.096,1.4776,BUY,,,
7/29/2011,66.28,67.22,65.28,66.6,6376300,65.29,67.096,68.076,66.579,-0.98,0.517,BUY,,,
8/1/2011,67.98,68.05,65.86,66.48,4054600,65.18,66.15,67.91,66.5304,-1.76,-0.3804,SELL,sell,,
8/2/2011,66.18,67.3,64.4,64.55,7060500,63.28,65.12,67.6395,66.4546,-2.5195,-1.3346,SELL,,,
8/3/2011,65.01,65.19,62.4,64.32,6018500,63.06,64.508,67.3665,66.394,-2.8585,-1.886,SELL,,,
8/4/2011,62.74,63.21,58.24,58.42,11642500,57.27,62.816,66.7435,66.2058,-3.9275,-3.3898,SELL,,,
8/5/2011,58.95,59.86,54.66,56.72,12578800,55.61,60.88,66.072,65.9594,-5.192,-5.0794,SELL,,,
8/8/2011,54.6,55.35,51.41,51.57,9213900,50.56,57.956,65.281,65.599,-7.325,-7.643,SELL,,,
8/9/2011,53.09,55.75,51.29,55.62,11917300,54.53,56.206,64.691,65.3042,-8.485,-9.0982,SELL,,,
8/10/2011,54.79,56.05,53.08,53.72,7455800,52.67,54.128,63.9245,64.9516,-9.7965,-10.8236,SELL,,,
8/11/2011,54,57.4,53.42,56.66,4603900,55.55,53.784,63.3855,64.7062,-9.6015,-10.9222,SELL,,,
8/12/2011,57.2,57.89,56.76,57.16,2937700,56.04,53.87,62.7985,64.4662,-8.9285,-10.5962,SELL,,,
8/15/2011,57.55,59.06,57.43,58.96,2254800,57.8,55.318,62.292,64.287,-6.974,-8.969,SELL,,,
8/16/2011,58.19,58.54,56.82,56.95,5137200,55.83,55.578,61.617,64.0962,-6.039,-8.5182,SELL,,,
8/17/2011,57.25,58.34,56.4,56.73,4578900,55.62,56.168,60.9385,63.9022,-4.7705,-7.7342,SELL,,,
8/18/2011,54.92,55,52.98,53.57,6027000,52.52,55.562,60.0695,63.6746,-4.5075,-8.1126,SELL,,,
8/19/2011,52.63,55.18,52.47,52.63,4340600,51.6,54.674,59.13,63.4134,-4.456,-8.7394,SELL,,,
8/22/2011,54.08,54.38,52.51,52.85,2782100,51.81,53.476,58.225,63.1686,-4.749,-9.6926,SELL,,,
8/23/2011,53.34,54.38,52.4,54.34,3306700,53.27,52.964,57.467,62.9798,-4.503,-10.0158,SELL,,,
8/24/2011,54.18,54.65,53.03,54.59,2036600,53.52,52.544,56.837,62.7616,-4.293,-10.2176,SELL,,,
8/25/2011,55.48,55.48,53.56,53.87,1628100,52.81,52.602,56.191,62.5614,-3.589,-9.9594,SELL,,,
8/26/2011,53.63,55.89,52.71,55.75,2127200,54.66,53.214,55.6595,62.4202,-2.4455,-9.2062,SELL,,,
8/29/2011,56.53,58.02,56.41,57.87,1910200,56.73,54.198,55.237,62.324,-1.039,-8.126,SELL,,,
8/30/2011,57.66,59.06,57.21,58.59,1929100,57.44,55.032,54.945,62.2286,0.087,-7.1966,SELL,,,
8/31/2011,59.18,59.88,57.9,58.57,3046100,57.42,55.812,54.663,62.0874,1.149,-6.2754,SELL,,,
9/1/2011,58.55,59.23,57.32,57.48,3189700,56.35,56.52,54.617,61.9216,1.903,-5.4016,SELL,,,
9/2/2011,56.63,57.01,55.7,56.28,2224700,55.18,56.624,54.5955,61.7314,2.0285,-5.1074,SELL,,,
9/6/2011,54.6,56.07,54.15,55.47,2707300,54.38,56.154,54.7865,61.5386,1.3675,-5.3846,SELL,,,
9/7/2011,56.67,58.06,56.29,57.96,3094200,56.82,56.03,54.901,61.3948,1.129,-5.3648,SELL,,,
9/8/2011,57.73,58.55,57.01,57.35,2555900,56.22,55.79,55.0785,61.203,0.7115,-5.413,SELL,,,
9/9/2011,56.57,57.14,55.01,55.66,3498000,54.57,55.434,55.0295,60.9566,0.4045,-5.5226,SELL,,,
9/12/2011,54.52,56,53.47,54.99,4698400,53.91,55.18,54.923,60.6746,0.257,-5.4946,SELL,,,
9/13/2011,55.21,56.32,54.44,55.83,3309300,54.73,55.25,54.7695,60.3992,0.4805,-5.1492,SELL,,,
9/14/2011,55.8,57.15,54.69,56.28,3960200,55.18,54.922,54.737,60.129,0.185,-5.207,SELL,,,
9/15/2011,56.7,57.12,55.71,56.86,2963400,55.74,54.826,54.743,59.8734,0.083,-5.0474,SELL,,,
9/16/2011,57.09,57.33,55.97,56.55,3170800,55.53,55.018,54.8935,59.5894,0.1245,-4.5714,SELL,,,
9/19/2011,55.65,55.77,54.17,55.36,2893100,54.37,55.11,55.032,59.296,0.078,-4.186,SELL,,,
9/20/2011,55.44,55.65,53.15,53.31,4646800,52.35,54.634,55.059,59.0154,-0.425,-4.3814,SELL,,,
9/21/2011,52.92,52.92,50.43,50.52,4593600,49.61,53.52,54.876,58.681,-1.356,-5.161,SELL,,,
9/22/2011,48.21,48.33,45.7,46.55,6736200,45.71,51.514,54.4855,58.2352,-2.9715,-6.7212,SELL,,,
9/23/2011,45.93,47.23,45.67,46.46,4540000,45.63,49.534,54.1265,57.8212,-4.5925,-8.2872,SELL,,,
9/26/2011,46.52,48,45.2,47.85,5618600,46.99,48.058,53.743,57.4054,-5.685,-9.3474,SELL,,,
9/27/2011,49.46,50.91,48.76,49.14,6904200,48.26,47.24,53.3195,57.012,-6.0795,-9.772,SELL,,,
9/28/2011,49.3,49.37,45.56,45.79,5266200,44.97,46.312,52.696,56.5248,-6.384,-10.2128,SELL,,,
9/29/2011,47.05,47.23,45.05,46.38,4724400,45.55,46.28,52.1025,56.052,-5.8225,-9.772,SELL,,,
9/30/2011,45.3,46.09,44.62,44.83,6259400,44.03,45.96,51.4865,55.5346,-5.5265,-9.5746,SELL,,,
10/3/2011,44.26,45.05,41.76,41.89,7591600,41.14,44.79,50.7845,54.9496,-5.9945,-10.1596,SELL,,,
10/4/2011,41.27,43.99,40.17,43.98,7109600,43.19,43.776,50.225,54.4152,-6.449,-10.6392,SELL,,,
10/5/2011,44.11,46.69,43.54,46.47,9759300,45.64,43.91,49.666,53.9594,-5.756,-10.0494,SELL,,,
10/6/2011,46.54,47.97,45.78,47.52,6966000,46.67,44.134,49.1885,53.5704,-5.0545,-9.4364,SELL,,,
10/7/2011,48.23,48.25,45.43,46.04,3366800,45.21,44.37,48.7205,53.16,-4.3505,-8.79,SELL,,,
10/10/2011,47.26,48.64,47.26,48.59,2768400,47.72,45.686,48.411,52.8086,-2.725,-7.1226,SELL,,,
10/11/2011,47.76,49.51,47.57,49.21,3704300,48.33,46.714,48.091,52.4716,-1.377,-5.7576,SELL,,,
10/12/2011,49.71,51.23,49.64,50.24,4888000,49.34,47.454,47.799,52.1928,-0.345,-4.7388,SELL,,,
10/13/2011,49.86,50.36,48.43,50.06,2570200,49.16,47.952,47.47,51.9148,0.482,-3.9628,SELL,,,
10/14/2011,50.92,51.63,50.38,51.49,2921200,50.57,49.024,47.222,51.7808,1.802,-2.7568,SELL,,,
10/17/2011,51.09,51.09,48.66,48.93,3357100,48.05,49.09,46.906,51.6296,2.184,-2.5396,SELL,,,
10/18/2011,48.75,51.28,47.48,50.94,5418900,50.03,49.43,46.79,51.619,2.64,-2.189,SELL,,,
10/19/2011,50.7,50.76,48.47,48.79,4625000,47.91,49.144,46.705,51.4866,2.439,-2.3426,SELL,,,
10/20/2011,48.77,49.66,47.76,49.34,3839500,48.45,49.002,46.842,51.4022,2.16,-2.4002,SELL,,,
10/21/2011,50.42,51.04,49.79,50.82,3351600,49.91,48.87,47.056,51.2894,1.814,-2.4194,SELL,,,
10/24/2011,51.5,53.5,51,53.36,3826900,52.4,49.74,47.3265,51.2166,2.4135,-1.4766,SELL,,,
10/25/2011,52.96,52.96,51.15,51.32,3402600,50.4,49.814,47.4335,51.0686,2.3805,-1.2546,SELL,,,
10/26/2011,52.37,52.93,50.55,52.45,3611800,51.51,50.534,47.7605,50.9822,2.7735,-0.4482,SELL,,,
10/27/2011,54.9,57.83,54.58,57.22,5996200,56.19,52.082,48.2925,50.9936,3.7895,1.0884,BUY,,,
10/28/2011,56.6,59.36,56.36,58.88,4560200,57.82,53.664,48.982,51.0996,4.682,2.5644,BUY,,,
10/31/2011,57.87,57.87,54.93,55.01,5112600,54.02,53.988,49.626,51.148,4.362,2.84,BUY,,,
11/1/2011,52.63,54.38,51.38,53.37,6043000,52.41,54.39,50.087,51.16,4.303,3.23,BUY,,,
11/2/2011,54.82,55.34,53.54,54.93,2992300,53.94,54.876,50.502,51.1734,4.374,3.7026,BUY,,,
11/3/2011,56.17,56.64,54.24,56.44,4127100,55.43,54.724,50.94,51.2116,3.784,3.5124,BUY,,,
11/4/2011,55.85,57.45,55,56.93,2697700,55.91,54.342,51.475,51.2736,2.867,3.0684,BUY,,,
11/7/2011,57.03,57.93,55.72,57.03,2663600,56.01,54.74,51.8895,51.3006,2.8505,3.4394,BUY,,,
11/8/2011,57.03,58.05,56.37,57.36,3223200,56.33,55.524,52.2895,51.2926,3.2345,4.2314,BUY,,,
11/9/2011,55.64,55.87,53.22,53.52,6212100,52.56,55.248,52.4505,51.195,2.7975,4.053,BUY,,,
11/10/2011,54.38,55,52.77,53.8,2650200,52.83,54.728,52.634,51.1032,2.094,3.6248,BUY,,,
11/11/2011,54.47,55.95,54.39,55.14,3274300,54.15,54.376,52.813,51.0592,1.563,3.3168,BUY,,,
11/14/2011,54.95,55.54,54.04,54.59,2473400,53.61,53.896,53.091,51.0278,0.805,2.8682,BUY,,,
11/15/2011,54.35,55.74,53.78,55.43,3052800,54.44,53.518,53.3115,51.029,0.2065,2.489,BUY,,,
11/16/2011,54.72,55.42,53.42,53.63,2712000,52.67,53.54,53.5495,50.946,-0.0095,2.594,BUY,,,
11/17/2011,53.51,53.98,51.13,51.51,6815800,50.59,53.092,53.6565,50.8334,-0.5645,2.2586,BUY,,,
11/18/2011,52.07,52.39,51.09,51.33,4674800,50.41,52.344,53.6815,50.7502,-1.3375,1.5938,BUY,,,
11/21/2011,50.38,50.38,48.81,49.91,4018400,49.01,51.424,53.512,50.6522,-2.088,0.7718,BUY,,,
11/22/2011,49.9,50.53,48.86,49.48,2904700,48.59,50.254,53.4215,50.5294,-3.1675,-0.2754,SELL,,,
11/23/2011,48.74,48.86,47.06,47.06,3251600,46.22,48.964,53.157,50.3502,-4.193,-1.3862,SELL,,,
11/25/2011,46.84,47.63,46.51,46.63,1140600,45.79,48.004,52.637,50.1512,-4.633,-2.1472,SELL,,,
11/28/2011,48.81,50,48.75,49.55,4015000,48.66,47.654,52.179,50.0138,-4.525,-2.3598,SELL,,,
11/29/2011,49.69,50.31,49.03,49.66,2569800,48.77,47.606,51.9165,49.9018,-4.3105,-2.2958,SELL,,,
11/30/2011,52.16,54.47,51.97,54.31,6032500,53.34,48.556,51.963,49.9216,-3.407,-1.3656,SELL,,,
12/1/2011,54.05,54.8,53.12,53.83,2887400,52.86,49.884,51.909,49.9866,-2.025,-0.1026,SELL,,,
12/2/2011,54.72,55.06,53.3,53.5,3094600,52.54,51.234,51.7645,50.1232,-0.5305,1.1108,BUY,,,
12/5/2011,54.36,55.35,53.58,54.35,3976800,53.37,52.176,51.6375,50.278,0.5385,1.898,BUY,,,
12/6/2011,54.03,55.38,53.43,54.7,3736700,53.72,53.166,51.523,50.4126,1.643,2.7534,BUY,,,
12/7/2011,54.38,54.55,53.36,54.4,2201300,53.42,53.182,51.3775,50.5158,1.8045,2.6662,BUY,,,
12/8/2011,53.94,53.94,51.53,51.77,4517800,50.84,52.778,51.2915,50.6332,1.4865,2.1448,BUY,,,
12/9/2011,52.18,53.89,51.81,53.63,3353400,52.67,52.804,51.2835,50.7756,1.5205,2.0284,BUY,,,
12/12/2011,52.47,52.47,50.7,51.46,3209900,50.54,52.238,51.103,50.9058,1.135,1.3322,BUY,,,
12/13/2011,51.63,52.5,49.23,49.58,4508500,48.69,51.232,50.857,51.0568,0.375,0.1752,BUY,,,
12/14/2011,49.08,49.59,47.96,48.59,5535300,47.72,50.092,50.521,51.1474,-0.429,-1.0554,SELL,,,
12/15/2011,49.71,49.74,48.18,48.47,4607700,47.6,49.444,50.2675,51.1866,-0.8235,-1.7426,SELL,,,
12/16/2011,48.89,49.81,48.41,48.88,3716100,48.21,48.552,50.1485,51.2174,-1.5965,-2.6654,SELL,,,
12/19/2011,49.12,49.29,47.1,47.31,4479200,46.66,47.776,49.961,51.2464,-2.185,-3.4704,SELL,,,
12/20/2011,48.46,49.94,48.46,49.81,4487600,49.13,47.864,49.967,51.2746,-2.103,-3.4106,SELL,,,
12/21/2011,49.81,50.14,48.83,49.89,2629200,49.21,48.162,49.998,51.2922,-1.836,-3.1302,SELL,,,
12/22/2011,50.05,51.12,49.79,50.79,3086800,50.09,48.66,50.1915,51.3072,-1.5315,-2.6472,SELL,,,
12/23/2011,50.97,51,50.25,50.63,1571300,49.94,49.006,50.399,51.3228,-1.393,-2.3168,SELL,,,
12/27/2011,50.47,50.72,49.89,49.96,824500,49.28,49.53,50.43,51.297,-0.9,-1.767,SELL,,,
12/28/2011,49.84,49.96,48.01,48.1,4189500,47.44,49.192,50.3635,51.2848,-1.1715,-2.0928,SELL,,,
12/29/2011,48.13,48.64,47.94,48.55,1114200,47.89,48.928,50.091,51.242,-1.163,-2.314,SELL,,,
12/30/2011,48.35,49.16,48.35,48.99,840700,48.32,48.574,49.864,51.2502,-1.29,-2.6762,SELL,,,
1/3/2012,50.71,51.94,50.71,51.69,4380500,50.98,48.782,49.786,51.3008,-1.004,-2.5188,SELL,,,
1/4/2012,51.2,52.15,50.73,51.82,2614100,51.11,49.148,49.673,51.3248,-0.525,-2.1768,SELL,,,
1/5/2012,51.3,51.85,50.24,51.28,2059200,50.58,49.776,49.516,51.2884,0.26,-1.5124,SELL,,,
1/6/2012,51.4,51.85,50.52,51.31,3774100,50.61,50.32,49.3755,51.2926,0.9445,-0.9726,SELL,,,
1/9/2012,51.53,51.9,50.96,51.08,3080600,50.38,50.732,49.3525,51.27,1.3795,-0.538,SELL,,,
1/10/2012,52.3,52.95,52.19,52.48,4778900,51.76,50.888,49.307,51.1814,1.581,-0.2934,SELL,,,
1/11/2012,52.5,52.93,51.64,52.8,2652900,52.08,51.082,49.384,51.0666,1.698,0.0154,BUY,,,
1/12/2012,53.09,53.44,52.37,53.26,2288500,52.53,51.472,49.576,51.0368,1.896,0.4352,BUY,,,
1/13/2012,52.42,52.54,51.1,51.82,2632600,51.11,51.572,49.7455,51.0108,1.8265,0.5612,BUY,,,
1/17/2012,52.61,52.9,51.5,51.83,2405100,51.12,51.72,49.9215,50.9544,1.7985,0.7656,BUY,,,
1/18/2012,51.81,52.96,51.41,52.87,2876300,52.15,51.798,50.1185,50.8888,1.6795,0.9092,BUY,,,
1/19/2012,53.15,53.64,52.84,53.11,1893000,52.38,51.858,50.4045,50.8182,1.4535,1.0398,BUY,,,
1/20/2012,52.76,53.46,52.61,53.01,2629200,52.28,51.808,50.562,50.7436,1.246,1.0644,BUY,,,
1/23/2012,53.33,54.32,53.11,53.55,3200500,52.82,52.15,50.7425,50.6734,1.4075,1.4766,BUY,,,
1/24/2012,52.9,53.74,52.21,53.73,2662200,52.99,52.524,50.8875,50.682,1.6365,1.842,BUY,,,
1/25/2012,53.41,55.88,53.01,55.64,5391200,54.88,53.07,51.1345,50.723,1.9355,2.347,BUY,,,
1/26/2012,56.3,56.8,54.67,55.13,3252300,54.37,53.468,51.389,50.7274,2.079,2.7406,BUY,,,
1/27/2012,54.74,56,54.67,55.83,3796500,55.07,54.026,51.7705,50.7566,2.2555,3.2694,BUY,,,
1/30/2012,54.82,55.51,54.29,54.95,2817700,54.2,54.302,52.086,50.7518,2.216,3.5502,BUY,,,
1/31/2012,55.76,56.03,53.54,54.22,4609500,53.48,54.4,52.344,50.768,2.056,3.632,BUY,,,
2/1/2012,54.85,55.76,54.66,55.02,4100800,54.27,54.278,52.5085,50.8416,1.7695,3.4364,BUY,,,
2/2/2012,55.27,56.52,54.8,55.81,3128700,55.05,54.414,52.7055,50.9344,1.7085,3.4796,BUY,,,
2/3/2012,56.8,57.06,56.07,56.77,2706900,55.99,54.598,52.976,51.074,1.622,3.524,BUY,,,
2/6/2012,56.45,56.9,56.1,56.58,1105200,55.81,54.92,53.236,51.2184,1.684,3.7016,BUY,,,
2/7/2012,56.35,56.41,55.22,55.73,2408100,54.97,55.218,53.4655,51.3934,1.7525,3.8246,BUY,,,
2/8/2012,55.94,56.71,55.29,55.47,2922100,54.71,55.306,53.613,51.5718,1.693,3.7342,BUY,,,
2/9/2012,55.55,55.96,54.68,55.24,3144000,54.48,55.192,53.733,51.6882,1.459,3.5038,BUY,,,
2/10/2012,54.15,54.27,53.11,53.25,4270800,52.52,54.498,53.7325,51.7632,0.7655,2.7348,BUY,,,
2/13/2012,54.05,54.05,52.87,53.32,3069700,52.59,53.854,53.8065,51.7482,0.0475,2.1058,BUY,,,
2/14/2012,53.01,53.06,51.67,52.26,5055000,51.54,53.168,53.8275,51.7218,-0.6595,1.4462,BUY,,,
2/15/2012,52.59,52.74,51.68,51.94,4554800,51.23,52.472,53.7815,51.6956,-1.3095,0.7764,BUY,,,
2/16/2012,51.96,53.61,51.5,53.53,3993300,52.8,52.136,53.8025,51.6842,-1.6665,0.4518,BUY,,,
2/17/2012,53.78,54.03,52.86,53.02,3120100,52.29,52.09,53.803,51.6556,-1.713,0.4344,BUY,,,
2/21/2012,53.52,54.77,53.36,53.98,4605200,53.24,52.22,53.824,51.652,-1.604,0.568,BUY,,,
2/22/2012,53.94,54.46,53.33,53.57,3211700,52.84,52.48,53.8165,51.692,-1.3365,0.788,BUY,,,
2/23/2012,53.59,54.08,52.94,53.87,1973800,53.13,52.86,53.729,51.7012,-0.869,1.1588,BUY,,,
2/24/2012,53.76,54.43,53.51,53.92,2191300,53.18,52.936,53.6695,51.754,-0.7335,1.182,BUY,,,
2/27/2012,53.38,53.64,52.75,53.23,2179300,52.5,52.978,53.541,51.8302,-0.563,1.1478,BUY,,,
2/28/2012,53.23,53.78,53.02,53.47,2225700,52.74,52.878,53.468,51.9306,-0.59,0.9474,BUY,,,
2/29/2012,53.64,54.15,51.76,51.82,4830500,51.11,52.532,53.3495,52.0008,-0.8175,0.5312,BUY,,,
3/1/2012,52.36,53.16,52.22,52.45,2957500,51.73,52.252,53.2225,52.0712,-0.9705,0.1808,BUY,,,
3/2/2012,52.32,52.5,51.17,51.44,3075200,50.74,51.764,53.007,52.1528,-1.243,-0.3888,SELL,,,
3/5/2012,51.26,51.26,49.65,49.96,3136500,49.28,51.12,52.6715,52.1558,-1.5515,-1.0358,SELL,,,
3/6/2012,48.71,48.84,48.07,48.69,4873900,48.02,50.176,52.282,52.132,-2.106,-1.956,SELL,,,
3/7/2012,49.14,49.14,48.24,48.79,2985500,48.12,49.578,51.9395,52.0926,-2.3615,-2.5146,SELL,,,
3/8/2012,49.3,49.61,48.63,49.38,2708700,48.7,48.972,51.639,52.0678,-2.667,-3.0958,SELL,,,
3/9/2012,49.44,51.21,49.32,50.54,5139700,49.85,48.794,51.4075,52.0792,-2.6135,-3.2852,SELL,,,
3/12/2012,50.38,50.95,49.27,49.35,4446100,48.67,48.672,51.215,52.1038,-2.543,-3.4318,SELL,,,
3/13/2012,49.87,50.86,49.66,50.73,3737900,50.04,49.076,51.0875,52.1468,-2.0115,-3.0708,SELL,,,
3/14/2012,50.53,50.67,49.63,49.88,5482600,49.2,49.292,50.9705,52.1644,-1.6785,-2.8724,SELL,,,
3/15/2012,49.95,50.74,49.43,50.43,3513600,49.74,49.5,50.896,52.1396,-1.396,-2.6396,SELL,,,
3/16/2012,50.54,51.34,50.53,50.95,6675000,50.37,49.604,50.7745,52.1248,-1.1705,-2.5208,SELL,,,
3/19/2012,51.03,52.57,50.77,51.8,5152400,51.21,50.112,50.7205,52.1374,-0.6085,-2.0254,SELL,,,
3/20/2012,51.1,51.22,50.06,51.03,4074700,50.44,50.192,50.5805,52.134,-0.3885,-1.942,SELL,,,
3/21/2012,51.21,51.48,50.38,50.73,3625400,50.15,50.382,50.446,52.1294,-0.064,-1.7474,SELL,,,
3/22/2012,50.07,50.07,48.67,49.14,5417600,48.58,50.15,50.2185,52.0658,-0.0685,-1.9158,SELL,,,
3/23/2012,49.13,50.33,49.03,49.89,5316400,49.32,49.94,50.0255,52.0106,-0.0855,-2.0706,SELL,,,
3/26/2012,50.55,50.84,49.71,50.25,3172100,49.67,49.632,49.884,51.9534,-0.252,-2.3214,SELL,,,
3/27/2012,50.4,50.98,49.88,49.88,2459200,49.31,49.406,49.7125,51.9174,-0.3065,-2.5114,SELL,,,
3/28/2012,49.75,49.79,48.3,48.96,5563000,48.4,49.056,49.577,51.863,-0.521,-2.807,SELL,,,
3/29/2012,48.63,49.78,48.1,49.68,5171600,49.11,49.162,49.446,51.8022,-0.284,-2.6402,SELL,,,
3/30/2012,50.14,50.24,48.96,49.72,2862300,49.15,49.128,49.3665,51.7376,-0.2385,-2.6096,SELL,,,
4/2/2012,49.66,51.09,49.56,50.58,3907400,50,49.194,49.4025,51.692,-0.2085,-2.498,SELL,,,
4/3/2012,50.54,50.57,48.97,49.46,5992900,48.89,49.11,49.446,51.6134,-0.336,-2.5034,SELL,,,
4/4/2012,48.5,48.96,47.91,48.27,4201400,47.72,48.974,49.426,51.508,-0.452,-2.534,SELL,,,
4/5/2012,48.12,48.93,47.55,47.72,2867100,47.17,48.586,49.3495,51.3538,-0.7635,-2.7678,SELL,,,
4/9/2012,47.07,47.97,46.94,47.46,3691000,46.92,48.14,49.203,51.2048,-1.063,-3.0648,SELL,,,
4/10/2012,47.35,47.78,46.2,46.91,5675400,46.37,47.414,49.088,51.0308,-1.674,-3.6168,SELL,,,
4/11/2012,47.71,48.21,47.18,47.32,3632900,46.78,46.992,48.925,50.8824,-1.933,-3.8904,SELL,,,
4/12/2012,47.48,49.79,47.48,49.53,5061500,48.96,47.24,48.913,50.792,-1.673,-3.552,SELL,,,
4/13/2012,49.22,49.22,48.1,48.2,5783300,47.65,47.336,48.8085,50.6596,-1.4725,-3.3236,SELL,,,
4/16/2012,48.7,49.13,47.74,48.09,3886500,47.54,47.46,48.667,50.5094,-1.207,-3.0494,SELL,,,
4/17/2012,48.59,49.76,48.43,48.95,3688200,48.39,47.864,48.526,50.3574,-0.662,-2.4934,SELL,,,
4/18/2012,48.83,49.31,48.27,48.43,3718400,47.87,48.082,48.3975,50.1986,-0.3155,-2.1166,SELL,,,
4/19/2012,48.5,49.25,47.98,48.29,4153300,47.74,47.838,48.277,50.054,-0.439,-2.216,SELL,,,
4/20/2012,48.77,49.26,47.54,47.62,4606900,47.07,47.722,48.2015,49.9012,-0.4795,-2.1792,SELL,,,
4/23/2012,46.72,46.93,45.7,46.77,5359900,46.23,47.46,48.047,49.7362,-0.587,-2.2762,SELL,,,
4/24/2012,46.84,47.73,46.46,47.06,3648300,46.52,47.086,47.8895,49.6162,-0.8035,-2.5302,SELL,,,
4/25/2012,47.81,48.41,47.38,48.24,3556800,47.69,47.05,47.8085,49.5182,-0.7585,-2.4682,SELL,,,
4/26/2012,47.88,48.51,47.78,48.48,1864000,47.92,47.086,47.7845,49.4458,-0.6985,-2.3598,SELL,,,
4/27/2012,48.57,48.84,47.99,48.28,2679300,47.73,47.218,47.7155,49.3758,-0.4975,-2.1578,SELL,,,
4/30/2012,48.12,48.74,47.55,48.45,2820400,47.89,47.55,47.6525,49.2776,-0.1025,-1.7276,SELL,,,
5/1/2012,48.36,49.58,48.36,48.83,3162100,48.27,47.9,47.566,49.1972,0.334,-1.2972,SELL,,,
5/2/2012,48.29,48.53,47.51,47.92,2515900,47.37,47.836,47.49,49.0798,0.346,-1.2438,SELL,,,
5/3/2012,47.99,48.3,46.7,47.02,4009000,46.48,47.548,47.428,48.9526,0.12,-1.4046,SELL,,,
5/4/2012,46.5,46.88,45.8,45.93,3382100,45.4,47.082,47.3395,48.798,-0.2575,-1.716,SELL,,,
5/7/2012,45.69,46.22,45.03,45.62,2781100,45.1,46.524,47.2485,48.6364,-0.7245,-2.1124,SELL,,,
5/8/2012,45.05,45.31,44.06,45.29,5065800,44.77,45.824,47.1685,48.4818,-1.3445,-2.6578,SELL,,,
5/9/2012,44.23,46.09,43.92,45.44,6715900,44.92,45.334,47.0755,48.3254,-1.7415,-2.9914,SELL,,,
5/10/2012,46.09,46.19,44.9,45.34,3944800,44.82,45.002,46.8685,48.1996,-1.8665,-3.1976,SELL,,,
5/11/2012,44.7,45.82,44.57,44.95,3811800,44.43,44.808,46.7075,48.0536,-1.8995,-3.2456,SELL,,,
5/14/2012,44.24,45,44.16,44.35,3449900,43.84,44.556,46.5225,47.9156,-1.9665,-3.3596,SELL,,,
5/15/2012,44.23,44.52,42.34,42.57,5952100,42.08,44.018,46.207,47.7716,-2.189,-3.7536,SELL,,,
5/16/2012,42.73,43.5,41.49,41.57,6254800,41.09,43.252,45.868,47.633,-2.616,-4.381,SELL,,,
5/17/2012,41.86,42.22,40.89,41,5660100,40.53,42.394,45.5075,47.4812,-3.1135,-5.0872,SELL,,,
5/18/2012,41.22,41.47,39.69,39.97,6987000,39.51,41.41,45.1295,47.2974,-3.7195,-5.8874,SELL,,,
5/21/2012,40.24,41.59,40.14,41.48,3206900,41,40.842,44.868,47.1204,-4.026,-6.2784,SELL,,,
5/22/2012,41.51,41.99,40.01,40.41,5942800,39.95,40.416,44.5395,46.946,-4.1235,-6.53,SELL,,,
5/23/2012,39.94,41.45,39.28,41.39,6529600,40.91,40.38,44.2005,46.7634,-3.8205,-6.3834,SELL,,,
5/24/2012,41.6,41.66,40.33,41.09,5577900,40.62,40.398,43.8355,46.5918,-3.4375,-6.1938,SELL,,,
5/25/2012,40.92,41.21,40.56,40.89,2192600,40.42,40.58,43.47,46.4054,-2.89,-5.8254,SELL,,,
5/29/2012,41.64,42.27,41.26,41.86,3283600,41.38,40.656,43.1445,46.2256,-2.4885,-5.5696,SELL,,,
5/30/2012,41.06,41.2,40.34,40.44,3286700,39.98,40.662,42.73,46.001,-2.068,-5.339,SELL,,,
5/31/2012,40.49,40.51,38.94,39.4,3927600,38.95,40.27,42.309,45.7712,-2.039,-5.5012,SELL,,,
6/1/2012,38.4,40.03,38.4,39.57,5071300,39.12,39.97,41.941,45.5506,-1.971,-5.5806,SELL,,,
6/4/2012,39.6,39.75,38.5,39.65,5666700,39.19,39.724,41.6305,45.3628,-1.9065,-5.6388,SELL,,,
6/5/2012,39.5,40.24,39.38,39.82,3342500,39.36,39.32,41.3435,45.1636,-2.0235,-5.8436,SELL,,,
6/6/2012,40.47,41.17,40.05,40.74,2968200,40.27,39.378,41.1185,44.9756,-1.7405,-5.5976,SELL,,,
6/7/2012,41.69,42.22,40.48,40.48,6344700,40.02,39.592,40.8735,44.7898,-1.2815,-5.1978,SELL,,,
6/8/2012,40.27,40.41,39.62,40.3,3300700,39.84,39.736,40.6245,44.6186,-0.8885,-4.8826,SELL,,,
6/11/2012,40.83,41.01,38.62,38.67,3869700,38.23,39.544,40.3145,44.401,-0.7705,-4.857,SELL,,,
6/12/2012,38.97,39.43,38.48,39.33,4292800,38.88,39.448,40.0665,44.1956,-0.6185,-4.7476,SELL,,,
6/13/2012,39.11,39.72,38.8,38.96,3051000,38.51,39.096,39.888,43.9658,-0.792,-4.8698,SELL,,,
6/14/2012,39.01,39.49,38.5,39.43,2914800,38.98,38.888,39.7825,43.7676,-0.8945,-4.8796,SELL,,,
6/15/2012,39.43,39.97,39,39.77,3039900,39.46,38.812,39.729,43.6024,-0.917,-4.7904,SELL,,,
6/18/2012,39.47,39.92,39.05,39.7,2244700,39.4,39.046,39.7235,43.447,-0.6775,-4.401,SELL,,,
6/19/2012,40,41.29,39.77,41.03,3668700,40.71,39.412,39.709,43.3228,-0.297,-3.9108,SELL,,,
6/20/2012,40.84,41.75,40.48,41.11,3911600,40.79,39.868,39.751,43.2112,0.117,-3.3432,SELL,,,
6/21/2012,40.86,40.95,39.08,39.18,3056900,38.88,39.848,39.6495,43.0532,0.1985,-3.2052,SELL,,,
6/22/2012,39.45,39.59,38.81,39.33,1588500,39.03,39.762,39.57,42.8546,0.192,-3.0926,SELL,,,
6/25/2012,38.81,38.83,38.25,38.45,2095600,38.15,39.512,39.4565,42.6646,0.0555,-3.1526,SELL,,,
6/26/2012,38.59,38.76,37.84,38.4,2218800,38.11,38.992,39.293,42.476,-0.301,-3.484,SELL,,,
6/27/2012,38.7,39.71,38.35,39.55,2042400,39.25,38.684,39.2565,42.2932,-0.5725,-3.6092,SELL,,,
6/28/2012,39.11,40.1,39.01,39.97,2273800,39.66,38.84,39.292,42.129,-0.452,-3.289,SELL,,,
6/29/2012,41.11,41.58,40.83,41.43,4841200,41.11,39.256,39.3915,41.9964,-0.1355,-2.7404,SELL,,,
7/2/2012,41.47,41.95,40.86,41.56,2368100,41.24,39.874,39.494,41.8798,0.38,-2.0058,SELL,,,
7/3/2012,41.9,43.47,41.89,43.06,4862600,42.73,40.798,39.6625,41.8098,1.1355,-1.0118,SELL,,,
7/5/2012,42.99,43.59,42.51,42.88,2408200,42.55,41.458,39.7765,41.7304,1.6815,-0.2724,SELL,,,
7/6/2012,42.22,42.4,41.65,41.93,3167000,41.61,41.848,39.856,41.6088,1.992,0.2392,BUY,,,
7/9/2012,41.66,42.03,41.03,41.31,2515200,40.99,41.824,39.9135,41.4702,1.9105,0.3538,BUY,,,
7/10/2012,41.44,42.17,39.66,40.01,6162200,39.7,41.516,39.987,41.3096,1.529,0.2064,BUY,,,
7/11/2012,40.23,40.56,39.68,39.97,2607700,39.66,40.902,40.026,41.145,0.876,-0.243,SELL,,,
7/12/2012,39.39,40.42,38.77,39.99,6749700,39.68,40.328,40.0845,40.9732,0.2435,-0.6452,SELL,,,
7/13/2012,40.17,40.81,40.11,40.54,3220500,40.23,40.052,40.147,40.8304,-0.095,-0.7784,SELL,,sell,1.38
7/16/2012,40.35,40.35,39.64,39.99,1929200,39.68,39.79,40.158,40.6944,-0.368,-0.9044,SELL,,,
7/17/2012,40.13,40.25,39.01,39.9,4385900,39.59,39.768,40.1675,40.5782,-0.3995,-0.8102,SELL,,,
7/18/2012,39.59,40.25,39.43,39.78,1781600,39.47,39.73,40.1055,40.4656,-0.3755,-0.7356,SELL,,,
7/19/2012,39.93,40.42,39.84,40.12,2207800,39.81,39.756,40.0565,40.3664,-0.3005,-0.6104,SELL,,,
7/20/2012,39.71,39.98,39.52,39.59,2068000,39.29,39.568,40.077,40.2538,-0.509,-0.6858,SELL,,,
7/23/2012,38.73,39.01,38.29,38.88,2106500,38.58,39.348,40.0545,40.129,-0.7065,-0.781,SELL,,,
7/24/2012,38.92,39.24,37.31,37.63,3056100,37.34,38.898,40.014,39.9872,-1.116,-1.0892,SELL,,,
7/25/2012,37.84,38.04,37.1,37.25,2767200,36.96,38.396,39.9565,39.8496,-1.5605,-1.4536,SELL,,,
7/26/2012,38.01,38.09,37.25,37.67,1506800,37.38,37.91,39.863,39.7556,-1.953,-1.8456,SELL,,,
7/27/2012,38.12,39.67,37.71,39.44,3927600,39.14,37.88,39.837,39.7166,-1.957,-1.8366,SELL,,,
7/30/2012,39.5,39.91,38.98,39.8,2578900,39.49,38.062,39.756,39.6958,-1.694,-1.6338,SELL,,,
7/31/2012,39.68,40.48,39.61,39.8,4923400,39.49,38.492,39.6685,39.6954,-1.1765,-1.2034,SELL,,,
8/1/2012,40.01,40.49,39.43,39.73,3860000,39.42,38.984,39.503,39.6638,-0.519,-0.6798,SELL,,,
8/2/2012,39.15,40.49,38.55,38.98,5652300,38.68,39.244,39.3095,39.6384,-0.0655,-0.3944,SELL,,,
8/3/2012,39.75,40.67,39.48,39.98,3353200,39.67,39.35,39.2125,39.6136,0.1375,-0.2636,SELL,,,
8/6/2012,40.18,41.6,40.07,40.99,3177500,40.68,39.588,39.197,39.6148,0.391,-0.0268,SELL,,,
8/7/2012,41.23,42.03,41.21,41.6,3729600,41.28,39.946,39.276,39.632,0.67,0.314,BUY,,buy,
8/8/2012,41.5,42.28,41.2,41.6,3801200,41.28,40.318,39.357,39.63,0.961,0.688,BUY,,,
8/9/2012,41.5,42.78,41.26,42.39,4586000,42.06,40.994,39.476,39.6716,1.518,1.3224,BUY,,,
8/10/2012,41.98,42.59,41.68,42.51,3750700,42.18,41.496,39.5735,39.7362,1.9225,1.7598,BUY,,,
8/13/2012,42.38,42.56,41.18,41.5,4102600,41.18,41.596,39.6485,39.7774,1.9475,1.8186,BUY,,,
8/14/2012,41.78,41.9,40.86,41.06,2730900,40.74,41.488,39.706,39.8084,1.782,1.6796,BUY,,,
8/15/2012,40.89,41.04,40.39,41.02,1869300,40.7,41.372,39.7675,39.8352,1.6045,1.5368,BUY,,,
8/16/2012,41.13,42.19,40.89,41.82,3438100,41.5,41.26,39.852,39.8598,1.408,1.4002,BUY,,,
8/17/2012,41.92,42.31,41.66,41.99,3815000,41.67,41.158,39.971,39.8928,1.187,1.2652,BUY,,,
8/20/2012,41.84,42.53,41.63,42.39,2509900,42.06,41.334,40.145,39.9372,1.189,1.3968,BUY,,,
8/21/2012,42.94,44,42.67,42.9,4456000,42.57,41.7,40.4065,40.024,1.2935,1.676,BUY,,,
8/22/2012,42.84,43.26,42.38,43.15,2063400,42.82,42.124,40.6995,40.1028,1.4245,2.0212,BUY,,,
8/23/2012,42.98,43.12,42.05,42.17,2470600,41.85,42.194,40.923,40.1696,1.271,2.0244,BUY,,,
8/24/2012,42.01,42.16,41.41,41.95,2635400,41.63,42.186,41.0475,40.2226,1.1385,1.9634,BUY,,,
8/27/2012,42.07,42.09,41.27,41.37,2259600,41.05,41.984,41.1255,40.2544,0.8585,1.7296,BUY,,,
8/28/2012,41.17,41.67,41.15,41.27,1856800,40.95,41.66,41.1985,40.2854,0.4615,1.3746,BUY,,,
8/29/2012,41.25,41.3,40.65,41.1,2085300,40.78,41.252,41.2665,40.2868,-0.0145,0.9652,BUY,,,
8/30/2012,40.62,40.79,40.18,40.3,1831300,39.99,40.88,41.332,40.2708,-0.452,0.6092,BUY,,,
8/31/2012,40.78,41.04,40.22,40.94,2162600,40.63,40.68,41.38,40.3058,-0.7,0.3742,BUY,,,
9/4/2012,40.98,40.99,40.02,40.46,1865800,40.15,40.5,41.3535,40.3282,-0.8535,0.1718,BUY,,,
9/5/2012,40.4,40.73,40.07,40.61,1296900,40.3,40.37,41.3045,40.3712,-0.9345,-0.0012,SELL,,sell,-0.98
9/6/2012,40.95,42.01,40.9,41.78,2811500,41.46,40.506,41.3135,40.4382,-0.8075,0.0678,BUY,,buy,
9/7/2012,42.36,44.08,42.3,43.92,6042200,43.58,41.224,41.3895,40.5248,-0.1655,0.6992,BUY,,,
9/10/2012,43.87,45.03,43.74,43.9,4780000,43.56,41.81,41.4585,40.6028,0.3515,1.2072,BUY,,,
9/11/2012,44.14,45.02,44.11,44.45,2647800,44.11,42.602,41.605,40.6628,0.997,1.9392,BUY,,,
9/12/2012,44.94,45,43.65,44.61,2012700,44.27,43.396,41.7815,40.7234,1.6145,2.6726,BUY,,,
9/13/2012,44.69,46.98,44.18,46.57,6887000,46.21,44.346,42.057,40.793,2.289,3.553,BUY,,,
9/14/2012,47.25,48.26,47.25,47.7,6908000,47.33,45.096,42.3485,40.8886,2.7475,4.2074,BUY,,,
9/17/2012,47.26,47.31,46.22,46.48,3424800,46.12,45.608,42.571,40.9788,3.037,4.6292,BUY,,,
9/18/2012,46.27,46.72,45.7,46.3,3437100,45.94,45.974,42.765,41.0778,3.209,4.8962,BUY,,,
9/19/2012,46.29,46.55,45.92,46.15,2423600,45.8,46.28,42.9265,41.1998,3.3535,5.0802,BUY,,,
9/20/2012,45.4,45.88,44.75,45.73,3574700,45.38,46.114,43.0545,41.3142,3.0595,4.7998,BUY,,,
9/21/2012,45.95,46.28,45.13,45.19,2197900,44.98,45.644,43.211,41.4202,2.433,4.2238,BUY,,,
9/24/2012,44.57,44.79,44.06,44.29,3726300,44.09,45.238,43.334,41.4974,1.904,3.7406,BUY,,,
9/25/2012,44.63,44.87,42.95,42.98,4330300,42.78,44.606,43.4205,41.5594,1.1855,3.0466,BUY,,,
9/26/2012,42.83,43.84,41.93,43.24,7080000,43.04,44.054,43.525,41.6284,0.529,2.4256,BUY,,,
9/27/2012,43.87,44.13,43.32,44.05,2804500,43.85,43.748,43.6785,41.716,0.0695,2.032,BUY,,,
9/28/2012,43.63,43.95,43.26,43.52,2560300,43.32,43.416,43.845,41.7862,-0.429,1.6298,BUY,,,
10/1/2012,44,44.56,43.43,43.63,2705000,43.43,43.284,43.985,41.869,-0.701,1.415,BUY,,,
10/2/2012,43.82,44.03,43,43.36,2853200,43.16,43.36,44.1355,41.9606,-0.7755,1.3994,BUY,,,
10/3/2012,43.41,43.48,42.47,42.79,3478800,42.59,43.27,44.25,42.0656,-0.98,1.2044,BUY,,,
10/4/2012,43.33,44.25,43.15,43.93,6638700,43.73,43.246,44.3635,42.201,-1.1175,1.045,BUY,,,
10/5/2012,44.34,44.6,43.48,43.81,3724500,43.61,43.304,44.365,42.3256,-1.061,0.9784,BUY,,,
10/8/2012,43.3,44.3,43.11,44.04,2221300,43.84,43.386,44.379,42.4196,-0.993,0.9664,BUY,,,
10/9/2012,44.1,45.08,44.05,44.45,5469500,44.24,43.602,44.3855,42.5146,-0.7835,1.0874,BUY,,,
10/10/2012,44.48,44.78,43.75,44,3214100,43.8,43.844,44.362,42.6008,-0.518,1.2432,BUY,,,
10/11/2012,44.51,45.55,44.19,45.17,5163200,44.96,44.09,44.2995,42.7116,-0.2095,1.3784,BUY,,,
10/12/2012,44.98,45.17,43.99,44.14,4414900,43.94,44.156,44.13,42.8168,0.026,1.3392,BUY,,,
10/15/2012,44.12,44.71,43.52,44.69,4032100,44.48,44.284,44.048,42.913,0.236,1.371,BUY,,,
10/16/2012,44.87,45.68,44.87,45.62,2606200,45.41,44.518,44.0215,43.0076,0.4965,1.5104,BUY,,,
10/17/2012,45.89,46.78,45.15,46.59,6402800,46.38,45.034,44.0505,43.1096,0.9835,1.9244,BUY,,,
10/18/2012,46.29,47.22,46.19,46.82,4083500,46.6,45.362,44.1115,43.216,1.2505,2.146,BUY,,,
10/19/2012,46.61,46.77,45.47,45.66,3641700,45.45,45.664,44.135,43.2838,1.529,2.3802,BUY,,,
10/22/2012,45.86,46.95,45.85,46.63,4476200,46.41,46.05,44.251,43.3684,1.799,2.6816,BUY,,,
10/23/2012,45.53,45.59,44.94,45.33,6090300,45.12,45.992,44.368,43.4472,1.624,2.5448,BUY,,,
10/24/2012,45.54,45.81,44.34,44.46,3381800,44.25,45.566,44.4285,43.5174,1.1375,2.0486,BUY,,,
10/25/2012,44.93,45.13,44.09,44.66,4006800,44.45,45.136,44.4585,43.5924,0.6775,1.5436,BUY,,,
10/26/2012,45.02,45.72,44.38,44.62,2853500,44.41,44.928,44.513,43.6506,0.415,1.2774,BUY,,,
10/31/2012,44.6,45.09,44.33,44.5,3230800,44.29,44.504,44.556,43.703,-0.052,0.801,BUY,,,
11/1/2012,44.72,46.32,44.65,46.19,4367800,45.98,44.676,44.697,43.7814,-0.021,0.8946,BUY,,,
11/2/2012,46.64,46.65,44.62,44.72,7676100,44.51,44.728,44.793,43.8202,-0.065,0.9078,BUY,,,
11/5/2012,44.52,45.34,44.5,44.88,2854600,44.67,44.772,44.84,43.8572,-0.068,0.9148,BUY,,,
11/6/2012,45.15,45.78,44.99,45.53,3184100,45.32,44.954,44.9255,43.9266,0.0285,1.0274,BUY,,,
11/7/2012,44.32,44.44,43.24,43.73,5875100,43.53,44.802,44.91,43.9646,-0.108,0.8374,BUY,,,
11/8/2012,43.62,43.99,42.93,43.25,4055900,43.05,44.216,44.8505,44.0046,-0.6345,0.2114,BUY,,,
11/9/2012,43.02,44.25,42.88,43.16,3245000,42.96,43.906,44.8085,44.0448,-0.9025,-0.1388,SELL,,sell,1.5
11/12/2012,43.91,44,43.34,43.49,2161700,43.29,43.63,44.725,44.095,-1.095,-0.465,SELL,,,
11/13/2012,42.8,43.44,42.62,42.65,4663600,42.45,43.056,44.6505,44.1442,-1.5945,-1.0882,SELL,,,
11/14/2012,42.88,42.91,41.3,41.44,2845000,41.25,42.6,44.489,44.1566,-1.889,-1.5566,SELL,,,
11/15/2012,41.26,41.67,40.4,40.56,4076300,40.37,42.064,44.237,44.161,-2.173,-2.097,SELL,,,
11/16/2012,40.7,41.1,39.84,40.89,3341600,40.7,41.612,43.953,44.169,-2.341,-2.557,SELL,,,
11/19/2012,41.92,42.09,41.54,42.05,3653000,41.86,41.326,43.716,44.177,-2.39,-2.851,SELL,,,
11/20/2012,41.83,42.06,41.34,41.57,2199600,41.38,41.112,43.5125,44.133,-2.4005,-3.021,SELL,,,
11/21/2012,41.44,41.98,41.34,41.87,1978700,41.68,41.198,43.276,44.0954,-2.078,-2.8974,SELL,,,
11/23/2012,42.16,42.59,42.01,42.46,1075500,42.26,41.576,43.133,44.0584,-1.557,-2.4824,SELL,,,
11/26/2012,42.08,42.57,41.83,42.23,1978100,42.04,41.844,43.0225,44.0138,-1.1785,-2.1698,SELL,,,
11/27/2012,42.03,42.51,41.68,41.73,2382200,41.54,41.78,42.877,43.9204,-1.097,-2.1404,SELL,,,
11/28/2012,41.17,42.17,41,42.13,4907700,41.94,41.892,42.7535,43.8126,-0.8615,-1.9206,SELL,,,
11/29/2012,42.52,42.96,42.17,42.46,2001000,42.26,42.008,42.652,43.7354,-0.644,-1.7274,SELL,,,
11/30/2012,42.51,42.95,42.19,42.42,1861500,42.22,42,42.464,43.661,-0.464,-1.661,SELL,,,
12/3/2012,42.64,42.87,41.79,41.85,3683100,41.66,41.924,42.3215,43.5782,-0.3975,-1.6542,SELL,,,
12/4/2012,41.78,42.47,41.58,42.09,2258500,41.9,41.996,42.183,43.5086,-0.187,-1.5126,SELL,,,
12/5/2012,42.08,42.68,41.92,42.4,2011100,42.2,42.048,42.027,43.453,0.021,-1.405,SELL,,,
12/6/2012,42.26,42.85,42.24,42.43,1607200,42.23,42.042,41.962,43.4158,0.08,-1.3738,SELL,,,
12/7/2012,42.47,43.4,42.38,42.75,1701200,42.55,42.108,41.937,43.4112,0.171,-1.3032,SELL,,,
12/10/2012,42.53,43.75,42.24,43.53,2722000,43.33,42.442,41.9555,43.417,0.4865,-0.975,SELL,,,
12/11/2012,43.75,44.32,43.49,44.12,2223700,43.92,42.846,41.987,43.4184,0.859,-0.5724,SELL,,,
12/12/2012,44.26,44.83,44.08,44.15,3597600,43.95,43.196,42.062,43.431,1.134,-0.235,SELL,,,
12/13/2012,44,44.4,43.69,43.83,3798200,43.63,43.476,42.181,43.435,1.295,0.041,BUY,,buy,
12/14/2012,43.65,44.83,43.65,44.57,2620300,44.36,43.838,42.3805,43.459,1.4575,0.379,BUY,,,
12/17/2012,44.68,44.99,44.28,44.55,2578400,44.34,44.04,42.5625,43.494,1.4775,0.546,BUY,,,
12/18/2012,44.66,45.39,44.63,45.31,3217400,45.1,44.276,42.7245,43.5214,1.5515,0.7546,BUY,,,
12/19/2012,45.2,45.62,44.94,45,2072500,44.79,44.444,42.895,43.545,1.549,0.899,BUY,,,
12/20/2012,44.8,45.12,44.53,45.1,3035200,44.89,44.696,43.0555,43.566,1.6405,1.13,BUY,,,
12/21/2012,43.97,44.43,43.92,44.42,2030600,44.42,44.708,43.1635,43.5696,1.5445,1.1384,BUY,,,
12/24/2012,44.07,44.4,43.97,44.18,756000,44.18,44.676,43.2705,43.5772,1.4055,1.0988,BUY,,,
12/26/2012,44.44,45,44.43,44.63,1509400,44.63,44.582,43.425,43.5706,1.157,1.0114,BUY,,,
12/27/2012,44.71,44.86,43.82,44.26,1870400,44.26,44.476,43.541,43.577,0.935,0.899,BUY,,,
12/28/2012,43.93,44.04,43.56,43.6,2191400,43.6,44.218,43.608,43.5594,0.61,0.6586,BUY,,,
12/31/2012,43.61,45.42,43.54,45.13,3535700,45.13,44.36,43.7535,43.5538,0.6065,0.8062,BUY,,,
1/2/2013,46.51,46.93,46.04,46.4,2274900,46.4,44.804,43.9905,43.5542,0.8135,1.2498,BUY,,,
1/3/2013,46.3,46.88,45.77,45.93,2410600,45.93,45.064,44.192,43.5408,0.872,1.5232,BUY,,,
1/4/2013,45.84,46.64,45.84,46.58,3065300,46.58,45.528,44.411,43.5634,1.117,1.9646,BUY,,,
1/7/2013,46.26,46.98,46.19,46.68,1922800,46.68,46.144,44.6335,43.5688,1.5105,2.5752,BUY,,,
1/8/2013,46.69,46.78,45.75,45.92,2181200,45.92,46.302,44.802,43.5848,1.5,2.7172,BUY,,,
1/9/2013,46.2,46.27,45.64,46.09,3159100,46.09,46.24,44.94,43.6216,1.3,2.6184,BUY,,,
1/10/2013,46.44,46.44,45.8,46.06,2031500,46.06,46.266,45.047,43.6538,1.219,2.6122,BUY,,,
1/11/2013,45.85,45.88,45.19,45.3,2760300,45.3,46.01,45.1145,43.6716,0.8955,2.3384,BUY,,,
1/14/2013,45.46,45.74,44.88,44.93,1913000,44.93,45.66,45.1795,43.6844,0.4805,1.9756,BUY,,,
1/15/2013,44.76,45.43,44.7,45.35,1756600,45.35,45.546,45.229,43.6718,0.317,1.8742,BUY,,,
1/16/2013,45.55,45.55,44.59,44.92,1769500,44.92,45.312,45.258,43.68,0.054,1.632,BUY,,,
1/17/2013,45.18,45.39,44.84,45.23,2723300,45.23,45.146,45.2645,43.6912,-0.1185,1.4548,BUY,,,
1/18/2013,45.36,45.53,45.1,45.51,1836800,45.51,45.188,45.3005,43.695,-0.1125,1.493,BUY,,,
1/22/2013,45.63,46.21,45.33,46.13,3663500,46.13,45.428,45.3625,43.747,0.0655,1.681,BUY,,,
1/23/2013,46.13,46.13,45.56,45.64,1787600,45.64,45.486,45.4235,43.7988,0.0625,1.6872,BUY,,,
1/24/2013,45.62,45.78,44.54,44.78,2604000,44.78,45.458,45.4535,43.8352,0.0045,1.6228,BUY,,,
1/25/2013,44.87,44.87,44.24,44.69,3598700,44.69,45.35,45.4565,43.8632,-0.1065,1.4868,BUY,,,
1/28/2013,44.8,44.8,43.73,43.93,2675600,43.93,45.034,45.44,43.8928,-0.406,1.1412,BUY,,,
1/29/2013,44.08,44.81,44.07,44.35,2708800,44.35,44.678,45.4775,43.9548,-0.7995,0.7232,BUY,,,
1/30/2013,44.6,44.91,43.41,43.55,5436100,43.55,44.26,45.3985,44.0184,-1.1385,0.2416,BUY,,,
1/31/2013,43.44,43.97,43.42,43.87,2582100,43.87,44.078,45.272,44.0818,-1.194,-0.0038,SELL,,sell,0.24
2/1/2013,44.33,44.6,43.99,44.37,2214200,44.37,44.014,45.194,44.132,-1.18,-0.118,SELL,,,
2/4/2013,44,44.25,43.72,43.88,2239600,43.88,44.004,45.059,44.182,-1.055,-0.178,SELL,,,
2/5/2013,43.91,44.04,43.61,43.69,1857000,43.69,43.872,44.9095,44.2222,-1.0375,-0.3502,SELL,,,
2/6/2013,43.53,44.7,43.53,44.55,2877200,44.55,44.072,44.841,44.268,-0.769,-0.196,SELL,,,
2/7/2013,44.6,44.62,44.03,44.31,1585400,44.31,44.16,44.752,44.3134,-0.592,-0.1534,SELL,,,
2/8/2013,44.4,44.51,44.22,44.4,972100,44.4,44.166,44.669,44.3706,-0.503,-0.2046,SELL,,,
2/11/2013,44.15,44.43,44,44.39,1222000,44.39,44.268,44.6235,44.4196,-0.3555,-0.1516,SELL,,,
2/12/2013,44.23,44.85,44.11,44.61,1535800,44.61,44.452,44.6075,44.4666,-0.1555,-0.0146,SELL,,,
2/13/2013,44.54,44.57,43.8,44.07,2912700,44.07,44.356,44.5435,44.5036,-0.1875,-0.1476,SELL,,,
2/14/2013,44,45.12,44,44.96,2534100,44.96,44.486,44.5455,44.5696,-0.0595,-0.0836,SELL,,,
2/15/2013,44.75,44.96,44.19,44.38,2570500,44.38,44.482,44.503,44.6192,-0.021,-0.1372,SELL,,,
2/19/2013,44.47,44.57,43.66,43.97,4500800,43.97,44.398,44.426,44.6546,-0.028,-0.2566,SELL,,,
2/20/2013,43.67,43.76,41.72,41.85,6694300,41.85,43.846,44.212,44.647,-0.366,-0.801,SELL,,,
2/21/2013,41.63,42.02,41.15,41.46,5159500,41.46,43.324,44.003,44.6252,-0.679,-1.3012,SELL,,,
2/22/2013,41.76,41.84,41.04,41.47,2578500,41.47,42.626,43.8375,44.588,-1.2115,-1.962,SELL,,,
2/25/2013,41.85,41.9,40.38,40.43,3278300,40.43,41.836,43.6245,44.5182,-1.7885,-2.6822,SELL,,,
2/26/2013,40.75,40.8,40.05,40.72,2847900,40.72,41.186,43.464,44.4536,-2.278,-3.2676,SELL,,,
,,,,,,,,,,,,,,total ,2.14
